evt_block_number,evt_block_time,evt_tx_hash,owner,origin,amount,amount0,amount1,tick_lower,tick_upper,evt_index
19197540,2024-02-10 16:54:11,0x00baf48e32f249a30a97722d116db55755560abd33dcf7705f8684930ea3e5ea,0x6b75d8af000000e20b7a7ddf000ba900b4009a80,0xae2fc483527b8ef99eb5d9b44875f005ba1fae13,272963036336612104470528,133.807074670913771295,4.806572515149169177,-340,-330,64
19837448,2024-05-10 10:08:11,0x03278cd3690f49edbcd7c31851a154e7b177992dec7b08036865a8cccc204806,0xc36442b4a4522e871399cd717abdd847ab11fe88,0x43e9fa7a60f80711c9d3afe4ce1bb3e8c3f7a9b8,1,0,0,-380,-320,197
19837448,2024-05-10 10:08:11,0x03278cd3690f49edbcd7c31851a154e7b177992dec7b08036865a8cccc204806,0xc36442b4a4522e871399cd717abdd847ab11fe88,0x43e9fa7a60f80711c9d3afe4ce1bb3e8c3f7a9b8,0,0,0,-380,-320,199
19837448,2024-05-10 10:08:11,0x03278cd3690f49edbcd7c31851a154e7b177992dec7b08036865a8cccc204806,0xc36442b4a4522e871399cd717abdd847ab11fe88,0x43e9fa7a60f80711c9d3afe4ce1bb3e8c3f7a9b8,1,0,0,-370,-340,205
19837448,2024-05-10 10:08:11,0x03278cd3690f49edbcd7c31851a154e7b177992dec7b08036865a8cccc204806,0xc36442b4a4522e871399cd717abdd847ab11fe88,0x43e9fa7a60f80711c9d3afe4ce1bb3e8c3f7a9b8,0,0,0,-370,-340,207
19155618,2024-02-04 19:43:59,0x03eaef0f3a47f22873ca42da9e711696129d1d41fa110efdf5b11df566eb2b94,0x6b75d8af000000e20b7a7ddf000ba900b4009a80,0xae2fc483527b8ef99eb5d9b44875f005ba1fae13,275392264183341891190784,137.55400958011455767,2.378603518482644036,-340,-330,43
19481419,2024-03-21 12:01:11,0x041890501ee864fea8a957f631264c2b655e4e2bd040dc1b1310d570cc0abb22,0x6b75d8af000000e20b7a7ddf000ba900b4009a80,0xae2fc483527b8ef99eb5d9b44875f005ba1fae13,1130123121645868640370688,517.844845501869355341,53.943994339204311661,-300,-290,41
19154545,2024-02-04 16:06:47,0x055cb60f66faa495b8b3a8c60109e77b211c49705f058761d66f9f3bb2b2d809,0x6b75d8af000000e20b7a7ddf000ba900b4009a80,0xae2fc483527b8ef99eb5d9b44875f005ba1fae13,179970125038580085555200,67.418957005820939912,23.279495800398139322,-340,-330,24
19302697,2024-02-25 11:05:59,0x07202e1ed422d28479e80a2da122aff876ebad00d3f18404c238423b150f434d,0x0d3c2261747b2079f6abd459642421a8087aead5,0xa6ae57b1da8238cd149bc718c40578e4620b752c,125047669092922831592981,59.229206495065151587,65.649627022607948583,-360,-340,51
19313612,2024-02-26 23:46:35,0x0aa184bb6c0e5f981f9fc4b92c793061a644e7a53e87be8b1555b7fc6fc0f6c5,0x6b75d8af000000e20b7a7ddf000ba900b4009a80,0xae2fc483527b8ef99eb5d9b44875f005ba1fae13,111236889805718468689920,54.781792245265839557,1.790663440656408609,-370,-360,29
19866114,2024-05-14 10:18:11,0x0bb956fbd6fafd9123f91de5fba4f0b7396ea2578eddbf8be7ca4b3526ae8192,0xc36442b4a4522e871399cd717abdd847ab11fe88,0x43e9fa7a60f80711c9d3afe4ce1bb3e8c3f7a9b8,1,0,0,-380,-320,109
19866114,2024-05-14 10:18:11,0x0bb956fbd6fafd9123f91de5fba4f0b7396ea2578eddbf8be7ca4b3526ae8192,0xc36442b4a4522e871399cd717abdd847ab11fe88,0x43e9fa7a60f80711c9d3afe4ce1bb3e8c3f7a9b8,0,0,0,-380,-320,111
19866114,2024-05-14 10:18:11,0x0bb956fbd6fafd9123f91de5fba4f0b7396ea2578eddbf8be7ca4b3526ae8192,0xc36442b4a4522e871399cd717abdd847ab11fe88,0x43e9fa7a60f80711c9d3afe4ce1bb3e8c3f7a9b8,1,0,0,-370,-340,117
19866114,2024-05-14 10:18:11,0x0bb956fbd6fafd9123f91de5fba4f0b7396ea2578eddbf8be7ca4b3526ae8192,0xc36442b4a4522e871399cd717abdd847ab11fe88,0x43e9fa7a60f80711c9d3afe4ce1bb3e8c3f7a9b8,0,0,0,-370,-340,119
19468290,2024-03-19 15:46:35,0x0cc9a6eec6aa525c6f92645d20d1696a9a3f0fae1121fab797eb9c46aadcbcc7,0x6b75d8af000000e20b7a7ddf000ba900b4009a80,0xae2fc483527b8ef99eb5d9b44875f005ba1fae13,400508720275034896072704,199.840504764468937694,2.99272728474398978,-270,-260,52
19487883,2024-03-22 09:47:47,0x0e730e0b45eb7db7e3efc545590efea322905ecc786ab7122d556f6b0dc3793e,0xc36442b4a4522e871399cd717abdd847ab11fe88,0x43e9fa7a60f80711c9d3afe4ce1bb3e8c3f7a9b8,1,0,0,-340,-280,152
19487883,2024-03-22 09:47:47,0x0e730e0b45eb7db7e3efc545590efea322905ecc786ab7122d556f6b0dc3793e,0xc36442b4a4522e871399cd717abdd847ab11fe88,0x43e9fa7a60f80711c9d3afe4ce1bb3e8c3f7a9b8,0,0,0,-340,-280,154
19487883,2024-03-22 09:47:47,0x0e730e0b45eb7db7e3efc545590efea322905ecc786ab7122d556f6b0dc3793e,0xc36442b4a4522e871399cd717abdd847ab11fe88,0x43e9fa7a60f80711c9d3afe4ce1bb3e8c3f7a9b8,1,0,0,-370,-220,160
19487883,2024-03-22 09:47:47,0x0e730e0b45eb7db7e3efc545590efea322905ecc786ab7122d556f6b0dc3793e,0xc36442b4a4522e871399cd717abdd847ab11fe88,0x43e9fa7a60f80711c9d3afe4ce1bb3e8c3f7a9b8,0,0,0,-370,-220,162
19548332,2024-03-30 22:45:47,0x10fa72b6dfd667e48f1e822506bbf441aa5b96a0913d6621c8c228dd64a5d21b,0xc36442b4a4522e871399cd717abdd847ab11fe88,0x44f282832496bf95192ae687e461a9607b7bd326,6394071269484794015051,16.205675230759603266,0,-300,-250,209
19324472,2024-02-28 12:13:47,0x1997fa9f89d1341689fa55e02a8cb142d8df99b02e417e86da9b123da893bb97,0xc36442b4a4522e871399cd717abdd847ab11fe88,0xb369b35bcf48257f5cc0ad688350dae80bbc994a,1,0,0,-320,-300,48
19324472,2024-02-28 12:13:47,0x1997fa9f89d1341689fa55e02a8cb142d8df99b02e417e86da9b123da893bb97,0xc36442b4a4522e871399cd717abdd847ab11fe88,0xb369b35bcf48257f5cc0ad688350dae80bbc994a,0,0,0,-320,-300,50
19647173,2024-04-13 19:13:59,0x1b2936e3e64f807fc296b6d670272bb23b03ef834c091a7150f55d31f4ebe6b9,0x6b75d8af000000e20b7a7ddf000ba900b4009a80,0xae2fc483527b8ef99eb5d9b44875f005ba1fae13,618752985110298455179264,137.308779111521472282,171.399876900169877066,-340,-330,36
19082024,2024-01-25 12:05:23,0x1c0970b464bc65816f5932e0caa923b485f8af2df4c9bb24b4dfb3d7c04539d1,0xc36442b4a4522e871399cd717abdd847ab11fe88,0xb369b35bcf48257f5cc0ad688350dae80bbc994a,1,0,0,-290,-250,167
19082024,2024-01-25 12:05:23,0x1c0970b464bc65816f5932e0caa923b485f8af2df4c9bb24b4dfb3d7c04539d1,0xc36442b4a4522e871399cd717abdd847ab11fe88,0xb369b35bcf48257f5cc0ad688350dae80bbc994a,0,0,0,-290,-250,169
19507438,2024-03-25 03:44:23,0x251a15fcb953f1159540f2be859e08426d85f5ddb3c2a442212b666c74f0629f,0xc36442b4a4522e871399cd717abdd847ab11fe88,0x43e9fa7a60f80711c9d3afe4ce1bb3e8c3f7a9b8,1272703892440768268890251,2223.454685373008035398,1600.857386463240457716,-340,-280,155
19507438,2024-03-25 03:44:23,0x251a15fcb953f1159540f2be859e08426d85f5ddb3c2a442212b666c74f0629f,0xc36442b4a4522e871399cd717abdd847ab11fe88,0x43e9fa7a60f80711c9d3afe4ce1bb3e8c3f7a9b8,759575894259597730778742,2481.506037620609875433,2074.688355149560906503,-370,-250,167
19161362,2024-02-05 15:04:23,0x258879ef87cd05b9db462c4948040c772238975c3d08970d528938e343245cb2,0x6b75d8af000000e20b7a7ddf000ba900b4009a80,0xae2fc483527b8ef99eb5d9b44875f005ba1fae13,13078670036023801544704,6.093045625370067399,0.532470974552731672,-320,-310,65
19152489,2024-02-04 09:09:47,0x28626dcf8e09bb5170f56a98509c75b3c1bfda33e974ba41aaa355f486c67dc9,0xc36442b4a4522e871399cd717abdd847ab11fe88,0xbf0f1a907967cabddf946693155c71d174bff7de,7426101613735953700792,6.660107466740375234,8.162396802541891831,-290,-250,117
19494740,2024-03-23 08:51:35,0x28855eeab85283c999685d2c62c2c8dc1301a49125305686dc8a1d0fdde9b694,0xc36442b4a4522e871399cd717abdd847ab11fe88,0x43e9fa7a60f80711c9d3afe4ce1bb3e8c3f7a9b8,1,0,0,-340,-280,88
19494740,2024-03-23 08:51:35,0x28855eeab85283c999685d2c62c2c8dc1301a49125305686dc8a1d0fdde9b694,0xc36442b4a4522e871399cd717abdd847ab11fe88,0x43e9fa7a60f80711c9d3afe4ce1bb3e8c3f7a9b8,0,0,0,-340,-280,90
19494740,2024-03-23 08:51:35,0x28855eeab85283c999685d2c62c2c8dc1301a49125305686dc8a1d0fdde9b694,0xc36442b4a4522e871399cd717abdd847ab11fe88,0x43e9fa7a60f80711c9d3afe4ce1bb3e8c3f7a9b8,506508900659407769499007,1302.169365042030596664,2472.41477043742708916,-370,-220,96
19148220,2024-02-03 18:47:35,0x28e2507bcee546d3402465c74810e4ada25a5fb0b60377995deadd659ed10b37,0x6b75d8af000000e20b7a7ddf000ba900b4009a80,0xae2fc483527b8ef99eb5d9b44875f005ba1fae13,172204521757733982044160,87.289920229375918193,0,-280,-270,79
19765763,2024-04-30 09:33:23,0x2b175eec8748a327f844343431fc36bd428b717ba98329f2d3ba0ff9c266eb5b,0xc36442b4a4522e871399cd717abdd847ab11fe88,0x43e9fa7a60f80711c9d3afe4ce1bb3e8c3f7a9b8,1,0,0,-380,-320,211
19765763,2024-04-30 09:33:23,0x2b175eec8748a327f844343431fc36bd428b717ba98329f2d3ba0ff9c266eb5b,0xc36442b4a4522e871399cd717abdd847ab11fe88,0x43e9fa7a60f80711c9d3afe4ce1bb3e8c3f7a9b8,0,0,0,-380,-320,213
19765763,2024-04-30 09:33:23,0x2b175eec8748a327f844343431fc36bd428b717ba98329f2d3ba0ff9c266eb5b,0xc36442b4a4522e871399cd717abdd847ab11fe88,0x43e9fa7a60f80711c9d3afe4ce1bb3e8c3f7a9b8,1,0,0,-370,-340,219
19765763,2024-04-30 09:33:23,0x2b175eec8748a327f844343431fc36bd428b717ba98329f2d3ba0ff9c266eb5b,0xc36442b4a4522e871399cd717abdd847ab11fe88,0x43e9fa7a60f80711c9d3afe4ce1bb3e8c3f7a9b8,0,0,0,-370,-340,221
19480108,2024-03-21 07:34:47,0x2b1ca247745a7ea64a8bf3f2ff01f949801efe6574b44957c288a699c0df57a7,0x6b75d8af000000e20b7a7ddf000ba900b4009a80,0xae2fc483527b8ef99eb5d9b44875f005ba1fae13,1229736341003158914334720,623.349410419935100142,0,-280,-270,46
19930029,2024-05-23 08:54:59,0x2b9ebc12463e2bd515db02767e33f10a93b82350559abe94cff4936a920a36bb,0xc36442b4a4522e871399cd717abdd847ab11fe88,0x63b6fbe304a013cbfd959f006950761bed6e53b1,1303710944076316722,0.024347453788363707,0.015891981502061918,-620,0,356
19480546,2024-03-21 09:03:47,0x2be8deaac3a193403974a34f5115e0c4b8d47aa564034b3679d0adfee6c821bc,0x6b75d8af000000e20b7a7ddf000ba900b4009a80,0xae2fc483527b8ef99eb5d9b44875f005ba1fae13,1268143831258908921430016,325.77962267909497331,308.373071607063440835,-310,-300,43
19946032,2024-05-25 14:35:11,0x2e4ae2239b468dfcc51880c04c3af88b950d88941f528f7ab6b54bc548fd75fe,0xc36442b4a4522e871399cd717abdd847ab11fe88,0xe6d7f4b65c774395d0d82aabb15c75991628cb14,254744216176586859540493,129.776256320740255071,0,-380,-370,232
19946032,2024-05-25 14:35:11,0x2e4ae2239b468dfcc51880c04c3af88b950d88941f528f7ab6b54bc548fd75fe,0xc36442b4a4522e871399cd717abdd847ab11fe88,0xe6d7f4b65c774395d0d82aabb15c75991628cb14,0,0,0,-380,-370,234
19686977,2024-04-19 09:01:47,0x2f435635de583f456633a1fc0fd375e90d87165409bb32fcfa5791e3a8c841e9,0xc36442b4a4522e871399cd717abdd847ab11fe88,0x43e9fa7a60f80711c9d3afe4ce1bb3e8c3f7a9b8,1604439036775179350288795,3190.961283687962937569,1644.43382507866713643,-370,-310,27
19686977,2024-04-19 09:01:47,0x2f435635de583f456633a1fc0fd375e90d87165409bb32fcfa5791e3a8c841e9,0xc36442b4a4522e871399cd717abdd847ab11fe88,0x43e9fa7a60f80711c9d3afe4ce1bb3e8c3f7a9b8,7226261708229383209509824,7029.388539553957367235,3858.77978363030394125,-360,-330,39
19340058,2024-03-01 16:34:23,0x31597d5130c52e123154c3d90e4f17606c4fa89f1c05097b0ec8378fdc10fb74,0x6b75d8af000000e20b7a7ddf000ba900b4009a80,0xae2fc483527b8ef99eb5d9b44875f005ba1fae13,178872546580944134340608,79.405509588140921693,11.119053019609112157,-330,-320,15
19276075,2024-02-21 17:36:47,0x36c73841f7d70ae620605517bf90339fce1c45b13aa98a737ff97728316380d1,0xc36442b4a4522e871399cd717abdd847ab11fe88,0xbdfa4f4492dd7b7cf211209c4791af8d52bf5c50,2332821052756367816696,5.865279548209270773,24.048352807152694498,-510,-250,164
19592615,2024-04-06 03:48:35,0x372df947774f073aa45b77feb33be7f94c09cebed3b4ce83f371b72f5c80f891,0xc36442b4a4522e871399cd717abdd847ab11fe88,0x43e9fa7a60f80711c9d3afe4ce1bb3e8c3f7a9b8,1,0,0,-370,-310,26
19592615,2024-04-06 03:48:35,0x372df947774f073aa45b77feb33be7f94c09cebed3b4ce83f371b72f5c80f891,0xc36442b4a4522e871399cd717abdd847ab11fe88,0x43e9fa7a60f80711c9d3afe4ce1bb3e8c3f7a9b8,0,0,0,-370,-310,28
19592615,2024-04-06 03:48:35,0x372df947774f073aa45b77feb33be7f94c09cebed3b4ce83f371b72f5c80f891,0xc36442b4a4522e871399cd717abdd847ab11fe88,0x43e9fa7a60f80711c9d3afe4ce1bb3e8c3f7a9b8,1,0,0,-360,-330,34
19592615,2024-04-06 03:48:35,0x372df947774f073aa45b77feb33be7f94c09cebed3b4ce83f371b72f5c80f891,0xc36442b4a4522e871399cd717abdd847ab11fe88,0x43e9fa7a60f80711c9d3afe4ce1bb3e8c3f7a9b8,0,0,0,-360,-330,36
19630191,2024-04-11 10:06:23,0x382e2f8a98f3a330c2f072f78064a7b2c4101263259a640e8fe183f95f79ac17,0xc36442b4a4522e871399cd717abdd847ab11fe88,0x43e9fa7a60f80711c9d3afe4ce1bb3e8c3f7a9b8,1,0,0,-370,-310,70
19630191,2024-04-11 10:06:23,0x382e2f8a98f3a330c2f072f78064a7b2c4101263259a640e8fe183f95f79ac17,0xc36442b4a4522e871399cd717abdd847ab11fe88,0x43e9fa7a60f80711c9d3afe4ce1bb3e8c3f7a9b8,0,0,0,-370,-310,72
19630191,2024-04-11 10:06:23,0x382e2f8a98f3a330c2f072f78064a7b2c4101263259a640e8fe183f95f79ac17,0xc36442b4a4522e871399cd717abdd847ab11fe88,0x43e9fa7a60f80711c9d3afe4ce1bb3e8c3f7a9b8,1,0,0,-360,-330,78
19630191,2024-04-11 10:06:23,0x382e2f8a98f3a330c2f072f78064a7b2c4101263259a640e8fe183f95f79ac17,0xc36442b4a4522e871399cd717abdd847ab11fe88,0x43e9fa7a60f80711c9d3afe4ce1bb3e8c3f7a9b8,0,0,0,-360,-330,80
19166660,2024-02-06 08:55:59,0x385618f013b8f1b87d1120a5fd33c225f4fb31ff09b0a3a838587f269d57be5c,0x6b75d8af000000e20b7a7ddf000ba900b4009a80,0xae2fc483527b8ef99eb5d9b44875f005ba1fae13,237230464146088384266240,49.952358912475443927,68.318335995504439405,-340,-330,72
19915821,2024-05-21 09:13:23,0x39cf033c4d075099b9ae89bdbbb8feef3233ff1429b03bc39eca3aef55552e91,0x6b75d8af000000e20b7a7ddf000ba900b4009a80,0xae2fc483527b8ef99eb5d9b44875f005ba1fae13,521458339875418498138112,256.096941847304027023,9.078686549926659632,-370,-360,89
19507631,2024-03-25 04:23:11,0x3b355bbc7ca04df98d51569ff0b17a41c0899c0cd9bd5c04a4265f63957db42a,0xc36442b4a4522e871399cd717abdd847ab11fe88,0xb8bba950391d86df52a0dc05ea89c6e7dae88bdb,45213687168670872726391,45.871736884404632879,0,-300,-280,173
19737391,2024-04-26 10:15:59,0x3d4d6b95763a3b4cac793f081d8e0d82a12b60ac13ccb95427be3d399f32f40a,0xc36442b4a4522e871399cd717abdd847ab11fe88,0x43e9fa7a60f80711c9d3afe4ce1bb3e8c3f7a9b8,1,0,0,-380,-320,20
19737391,2024-04-26 10:15:59,0x3d4d6b95763a3b4cac793f081d8e0d82a12b60ac13ccb95427be3d399f32f40a,0xc36442b4a4522e871399cd717abdd847ab11fe88,0x43e9fa7a60f80711c9d3afe4ce1bb3e8c3f7a9b8,0,0,0,-380,-320,22
19737391,2024-04-26 10:15:59,0x3d4d6b95763a3b4cac793f081d8e0d82a12b60ac13ccb95427be3d399f32f40a,0xc36442b4a4522e871399cd717abdd847ab11fe88,0x43e9fa7a60f80711c9d3afe4ce1bb3e8c3f7a9b8,1,0,0,-370,-340,28
19737391,2024-04-26 10:15:59,0x3d4d6b95763a3b4cac793f081d8e0d82a12b60ac13ccb95427be3d399f32f40a,0xc36442b4a4522e871399cd717abdd847ab11fe88,0x43e9fa7a60f80711c9d3afe4ce1bb3e8c3f7a9b8,0,0,0,-370,-340,30
19781513,2024-05-02 14:22:11,0x3ee64b34d4f29f01f5d61441ff3a96253a49a6a48764d5141ef0e112652eb13d,0xc36442b4a4522e871399cd717abdd847ab11fe88,0x94f2a8cbf632fbeb0c986850c562a4cb23319054,1691972832847212654956,4.654688286561308438,19.487879118775048969,-590,-300,99
19779740,2024-05-02 08:25:11,0x409f6c7c96cf002c2b04459092926c2afb5ae8de20d11cfaaaf90a14c99c3115,0xc36442b4a4522e871399cd717abdd847ab11fe88,0x43e9fa7a60f80711c9d3afe4ce1bb3e8c3f7a9b8,1,0,0,-380,-320,58
19779740,2024-05-02 08:25:11,0x409f6c7c96cf002c2b04459092926c2afb5ae8de20d11cfaaaf90a14c99c3115,0xc36442b4a4522e871399cd717abdd847ab11fe88,0x43e9fa7a60f80711c9d3afe4ce1bb3e8c3f7a9b8,0,0,0,-380,-320,60
19779740,2024-05-02 08:25:11,0x409f6c7c96cf002c2b04459092926c2afb5ae8de20d11cfaaaf90a14c99c3115,0xc36442b4a4522e871399cd717abdd847ab11fe88,0x43e9fa7a60f80711c9d3afe4ce1bb3e8c3f7a9b8,1,0,0,-370,-340,66
19779740,2024-05-02 08:25:11,0x409f6c7c96cf002c2b04459092926c2afb5ae8de20d11cfaaaf90a14c99c3115,0xc36442b4a4522e871399cd717abdd847ab11fe88,0x43e9fa7a60f80711c9d3afe4ce1bb3e8c3f7a9b8,0,0,0,-370,-340,68
19143543,2024-02-03 02:59:23,0x43b0573309cd212408c8c52659571dd5b46d0e566db7c34513ab46b79f56cec1,0x6b75d8af000000e20b7a7ddf000ba900b4009a80,0xae2fc483527b8ef99eb5d9b44875f005ba1fae13,348250313382339870195712,175.45224194918969069,1.551429819672902907,-340,-330,35
19039170,2024-01-19 11:39:11,0x4569d197f0980f3ac2c27fa221f7ee2171ead627604f5f767fc8cc3f90edb855,0xc36442b4a4522e871399cd717abdd847ab11fe88,0xb369b35bcf48257f5cc0ad688350dae80bbc994a,1,0,0,-290,-250,145
19039170,2024-01-19 11:39:11,0x4569d197f0980f3ac2c27fa221f7ee2171ead627604f5f767fc8cc3f90edb855,0xc36442b4a4522e871399cd717abdd847ab11fe88,0xb369b35bcf48257f5cc0ad688350dae80bbc994a,0,0,0,-290,-250,147
19530225,2024-03-28 09:27:35,0x4594060141aea708d79656d3255b7bb90f85de4662d808b2e1738bf21d4e8e40,0xc36442b4a4522e871399cd717abdd847ab11fe88,0x43e9fa7a60f80711c9d3afe4ce1bb3e8c3f7a9b8,1,0,0,-350,-330,141
19530225,2024-03-28 09:27:35,0x4594060141aea708d79656d3255b7bb90f85de4662d808b2e1738bf21d4e8e40,0xc36442b4a4522e871399cd717abdd847ab11fe88,0x43e9fa7a60f80711c9d3afe4ce1bb3e8c3f7a9b8,0,0,0,-350,-330,143
19530225,2024-03-28 09:27:35,0x4594060141aea708d79656d3255b7bb90f85de4662d808b2e1738bf21d4e8e40,0xc36442b4a4522e871399cd717abdd847ab11fe88,0x43e9fa7a60f80711c9d3afe4ce1bb3e8c3f7a9b8,1,0,0,-370,-310,149
19530225,2024-03-28 09:27:35,0x4594060141aea708d79656d3255b7bb90f85de4662d808b2e1738bf21d4e8e40,0xc36442b4a4522e871399cd717abdd847ab11fe88,0x43e9fa7a60f80711c9d3afe4ce1bb3e8c3f7a9b8,0,0,0,-370,-310,151
19473710,2024-03-20 10:03:35,0x45e9ef0505d1465acfa3112732c87909e3e422b91701db886fa94547598560e2,0xc36442b4a4522e871399cd717abdd847ab11fe88,0x43e9fa7a60f80711c9d3afe4ce1bb3e8c3f7a9b8,1,0,0,-340,-280,142
19473710,2024-03-20 10:03:35,0x45e9ef0505d1465acfa3112732c87909e3e422b91701db886fa94547598560e2,0xc36442b4a4522e871399cd717abdd847ab11fe88,0x43e9fa7a60f80711c9d3afe4ce1bb3e8c3f7a9b8,0,0,0,-340,-280,144
19473710,2024-03-20 10:03:35,0x45e9ef0505d1465acfa3112732c87909e3e422b91701db886fa94547598560e2,0xc36442b4a4522e871399cd717abdd847ab11fe88,0x43e9fa7a60f80711c9d3afe4ce1bb3e8c3f7a9b8,1,0,0,-370,-200,150
19473710,2024-03-20 10:03:35,0x45e9ef0505d1465acfa3112732c87909e3e422b91701db886fa94547598560e2,0xc36442b4a4522e871399cd717abdd847ab11fe88,0x43e9fa7a60f80711c9d3afe4ce1bb3e8c3f7a9b8,0,0,0,-370,-200,152
19653470,2024-04-14 16:27:23,0x487097315dde7befd2746f03f685f17e2563d2d0a0ec54457c6867624c430b78,0x6b75d8af000000e20b7a7ddf000ba900b4009a80,0xae2fc483527b8ef99eb5d9b44875f005ba1fae13,648793458013263582199808,329.694490414695698045,0,-330,-320,98
19580525,2024-04-04 11:10:23,0x4a7c5a3be27486decfae29ccaeebe11301ce1ef55e64809f24c2429dc69b0ec7,0xc36442b4a4522e871399cd717abdd847ab11fe88,0x43e9fa7a60f80711c9d3afe4ce1bb3e8c3f7a9b8,1,0,0,-370,-310,78
19580525,2024-04-04 11:10:23,0x4a7c5a3be27486decfae29ccaeebe11301ce1ef55e64809f24c2429dc69b0ec7,0xc36442b4a4522e871399cd717abdd847ab11fe88,0x43e9fa7a60f80711c9d3afe4ce1bb3e8c3f7a9b8,0,0,0,-370,-310,80
19580525,2024-04-04 11:10:23,0x4a7c5a3be27486decfae29ccaeebe11301ce1ef55e64809f24c2429dc69b0ec7,0xc36442b4a4522e871399cd717abdd847ab11fe88,0x43e9fa7a60f80711c9d3afe4ce1bb3e8c3f7a9b8,1,0,0,-360,-330,86
19580525,2024-04-04 11:10:23,0x4a7c5a3be27486decfae29ccaeebe11301ce1ef55e64809f24c2429dc69b0ec7,0xc36442b4a4522e871399cd717abdd847ab11fe88,0x43e9fa7a60f80711c9d3afe4ce1bb3e8c3f7a9b8,0,0,0,-360,-330,88
19773313,2024-05-01 10:52:47,0x4ba0e5a91006ce1b6a1a21d715f38f4cc453865b4733c8b70d36d973965d653c,0xc36442b4a4522e871399cd717abdd847ab11fe88,0x43e9fa7a60f80711c9d3afe4ce1bb3e8c3f7a9b8,1,0,0,-380,-320,114
19773313,2024-05-01 10:52:47,0x4ba0e5a91006ce1b6a1a21d715f38f4cc453865b4733c8b70d36d973965d653c,0xc36442b4a4522e871399cd717abdd847ab11fe88,0x43e9fa7a60f80711c9d3afe4ce1bb3e8c3f7a9b8,0,0,0,-380,-320,116
19773313,2024-05-01 10:52:47,0x4ba0e5a91006ce1b6a1a21d715f38f4cc453865b4733c8b70d36d973965d653c,0xc36442b4a4522e871399cd717abdd847ab11fe88,0x43e9fa7a60f80711c9d3afe4ce1bb3e8c3f7a9b8,1,0,0,-370,-340,122
19773313,2024-05-01 10:52:47,0x4ba0e5a91006ce1b6a1a21d715f38f4cc453865b4733c8b70d36d973965d653c,0xc36442b4a4522e871399cd717abdd847ab11fe88,0x43e9fa7a60f80711c9d3afe4ce1bb3e8c3f7a9b8,0,0,0,-370,-340,124
19607567,2024-04-08 06:05:11,0x50e97618baf7f1a17147e91d862461dde705547ee2a1a18643b3b11d0c0226f8,0xc36442b4a4522e871399cd717abdd847ab11fe88,0x86d16951598c1fc814b2fbc59a9af39f22d6175b,162895862838500111212666,82.81946454748548419,0,-340,-330,133
19756613,2024-04-29 02:51:59,0x511be660baf161ea969eee541d2248cfbe5e1af330a27ce213cc81e7442afd77,0xc36442b4a4522e871399cd717abdd847ab11fe88,0x43e9fa7a60f80711c9d3afe4ce1bb3e8c3f7a9b8,1,0,0,-380,-320,157
19756613,2024-04-29 02:51:59,0x511be660baf161ea969eee541d2248cfbe5e1af330a27ce213cc81e7442afd77,0xc36442b4a4522e871399cd717abdd847ab11fe88,0x43e9fa7a60f80711c9d3afe4ce1bb3e8c3f7a9b8,0,0,0,-380,-320,159
19756613,2024-04-29 02:51:59,0x511be660baf161ea969eee541d2248cfbe5e1af330a27ce213cc81e7442afd77,0xc36442b4a4522e871399cd717abdd847ab11fe88,0x43e9fa7a60f80711c9d3afe4ce1bb3e8c3f7a9b8,1,0,0,-370,-340,165
19756613,2024-04-29 02:51:59,0x511be660baf161ea969eee541d2248cfbe5e1af330a27ce213cc81e7442afd77,0xc36442b4a4522e871399cd717abdd847ab11fe88,0x43e9fa7a60f80711c9d3afe4ce1bb3e8c3f7a9b8,0,0,0,-370,-340,167
19482483,2024-03-21 15:35:47,0x52c1f24f2b83432208026d4bcb2872ee8ab4da9d9b3e03eb6a4903e39a5a4d31,0x6b75d8af000000e20b7a7ddf000ba900b4009a80,0xae2fc483527b8ef99eb5d9b44875f005ba1fae13,274671692465087262490624,132.565235043709923198,6.542263731974424584,-290,-280,35
19171178,2024-02-07 00:08:59,0x540f9e6139079a1da2da405aaab25cf3e282f8bf0777c0cd0abdc3cf4ed96dd8,0x6b75d8af000000e20b7a7ddf000ba900b4009a80,0xae2fc483527b8ef99eb5d9b44875f005ba1fae13,238018684997295698608128,63.897201173282578489,55.21999876721720457,-340,-330,39
19154544,2024-02-04 16:06:35,0x54423aae09bf7372f3a21e6b14919e0b15673c26276466fe34903a425a17be7b,0x6b75d8af000000e20b7a7ddf000ba900b4009a80,0xae2fc483527b8ef99eb5d9b44875f005ba1fae13,242638851575296401866752,89.26739699712383128,32.959839114527425039,-340,-330,46
19881811,2024-05-16 15:02:11,0x5466cf691714bb8d19ea7a8bf8bf4e0b13e2d251977825b67a7f5da9ad99a48c,0xc36442b4a4522e871399cd717abdd847ab11fe88,0xe6d7f4b65c774395d0d82aabb15c75991628cb14,557025292787492682206656,0,273.325780045074091677,-380,-370,129
19185660,2024-02-09 00:55:47,0x54db1121d518e292a4d45b873a03a8fcae099e2f0ff9de9fcd357018bc59c1eb,0x6b75d8af000000e20b7a7ddf000ba900b4009a80,0xae2fc483527b8ef99eb5d9b44875f005ba1fae13,65001393530668396314624,32.493159476042231681,0.536287367773138753,-340,-330,28
19480677,2024-03-21 09:30:35,0x56d82f172637a639343621cc9a139334ff3e349d99b64ddd8640d06c8f69977f,0xc36442b4a4522e871399cd717abdd847ab11fe88,0x43e9fa7a60f80711c9d3afe4ce1bb3e8c3f7a9b8,1,0,0,-340,-280,419
19480677,2024-03-21 09:30:35,0x56d82f172637a639343621cc9a139334ff3e349d99b64ddd8640d06c8f69977f,0xc36442b4a4522e871399cd717abdd847ab11fe88,0x43e9fa7a60f80711c9d3afe4ce1bb3e8c3f7a9b8,0,0,0,-340,-280,421
19480677,2024-03-21 09:30:35,0x56d82f172637a639343621cc9a139334ff3e349d99b64ddd8640d06c8f69977f,0xc36442b4a4522e871399cd717abdd847ab11fe88,0x43e9fa7a60f80711c9d3afe4ce1bb3e8c3f7a9b8,86551076340373704052022,292.448234597699269414,439.539527167577617423,-370,-200,427
19479337,2024-03-21 04:59:23,0x5b0a1232e48c01200f60fef8215a27ca16d0b8fc4625e44c7a0880a408b1c978,0x6b75d8af000000e20b7a7ddf000ba900b4009a80,0xae2fc483527b8ef99eb5d9b44875f005ba1fae13,1205798179167186305679360,568.993668670357978364,41.057233009050338843,-280,-270,45
19832230,2024-05-09 16:36:59,0x5b6bdd761a5873403acb2fc263ffb6186c9c5c13f4423e18845462ce69fa55e6,0xc36442b4a4522e871399cd717abdd847ab11fe88,0x63b6fbe304a013cbfd959f006950761bed6e53b1,21529079757869027417,0.021908040968572741,0,-360,-340,191
19832230,2024-05-09 16:36:59,0x5b6bdd761a5873403acb2fc263ffb6186c9c5c13f4423e18845462ce69fa55e6,0xc36442b4a4522e871399cd717abdd847ab11fe88,0x63b6fbe304a013cbfd959f006950761bed6e53b1,0,0,0,-360,-340,193
19479614,2024-03-21 05:54:47,0x5c38dec0fbc36418e7d924d99eb55b81322aff78977e2d29ef39a8a63180c7d5,0x6b75d8af000000e20b7a7ddf000ba900b4009a80,0xae2fc483527b8ef99eb5d9b44875f005ba1fae13,39809410154254634582016,20.159094264983367652,0,-260,-250,45
19657890,2024-04-15 07:18:59,0x5fe100a59099f6645b6f2f81c96c4fe388d8afee8fff40114ce43a34bf5b6457,0xc36442b4a4522e871399cd717abdd847ab11fe88,0x43e9fa7a60f80711c9d3afe4ce1bb3e8c3f7a9b8,1,0,0,-370,-310,164
19657890,2024-04-15 07:18:59,0x5fe100a59099f6645b6f2f81c96c4fe388d8afee8fff40114ce43a34bf5b6457,0xc36442b4a4522e871399cd717abdd847ab11fe88,0x43e9fa7a60f80711c9d3afe4ce1bb3e8c3f7a9b8,0,0,0,-370,-310,166
19657890,2024-04-15 07:18:59,0x5fe100a59099f6645b6f2f81c96c4fe388d8afee8fff40114ce43a34bf5b6457,0xc36442b4a4522e871399cd717abdd847ab11fe88,0x43e9fa7a60f80711c9d3afe4ce1bb3e8c3f7a9b8,1,0,0,-360,-330,172
19657890,2024-04-15 07:18:59,0x5fe100a59099f6645b6f2f81c96c4fe388d8afee8fff40114ce43a34bf5b6457,0xc36442b4a4522e871399cd717abdd847ab11fe88,0x43e9fa7a60f80711c9d3afe4ce1bb3e8c3f7a9b8,0,0,0,-360,-330,174
19723964,2024-04-24 13:11:47,0x60c436641fbf88853c59ec1361ce5a56d040f858bd2f5fdac45ec79baff71c75,0xc36442b4a4522e871399cd717abdd847ab11fe88,0xdc6895d5c10e33da2397a4f5df0a80c7bf9de602,39339944760326119383491,0,38.616953020861877637,-380,-360,266
19523141,2024-03-27 08:51:59,0x618319a664e31f2b5ee6b6fde5d908126db9b12e7ad8915743adea6c868a8347,0xc36442b4a4522e871399cd717abdd847ab11fe88,0x43e9fa7a60f80711c9d3afe4ce1bb3e8c3f7a9b8,1,0,0,-350,-330,130
19523141,2024-03-27 08:51:59,0x618319a664e31f2b5ee6b6fde5d908126db9b12e7ad8915743adea6c868a8347,0xc36442b4a4522e871399cd717abdd847ab11fe88,0x43e9fa7a60f80711c9d3afe4ce1bb3e8c3f7a9b8,0,0,0,-350,-330,132
19523141,2024-03-27 08:51:59,0x618319a664e31f2b5ee6b6fde5d908126db9b12e7ad8915743adea6c868a8347,0xc36442b4a4522e871399cd717abdd847ab11fe88,0x43e9fa7a60f80711c9d3afe4ce1bb3e8c3f7a9b8,1050353714161597197523314,2042.513237521071369006,1636.636995994471547247,-370,-300,138
19206564,2024-02-11 23:21:35,0x65ce50afb1f07e6d0980d3a1d28bb76271786cf6da989b194a921a1a9973be10,0x6b75d8af000000e20b7a7ddf000ba900b4009a80,0xae2fc483527b8ef99eb5d9b44875f005ba1fae13,272580061483299585916928,130.450764576778672392,7.862632971166936794,-340,-330,62
19516155,2024-03-26 09:11:23,0x6b34da89ebc93d99bc5a8cd10d95fa2cdabb5027ad57f8a966277b2f56e2a3ce,0xc36442b4a4522e871399cd717abdd847ab11fe88,0x44f282832496bf95192ae687e461a9607b7bd326,19704178810044977474951,49.939937956014287616,0,-300,-250,280
19516155,2024-03-26 09:11:23,0x6b34da89ebc93d99bc5a8cd10d95fa2cdabb5027ad57f8a966277b2f56e2a3ce,0xc36442b4a4522e871399cd717abdd847ab11fe88,0x44f282832496bf95192ae687e461a9607b7bd326,0,0,0,-300,-250,282
19124806,2024-01-31 11:52:47,0x6c38277a1df5fab3f9e986eeb1980407649b50774d3aa55bc5ca726b3f03e8cf,0xc36442b4a4522e871399cd717abdd847ab11fe88,0xb369b35bcf48257f5cc0ad688350dae80bbc994a,1,0,0,-290,-250,69
19124806,2024-01-31 11:52:47,0x6c38277a1df5fab3f9e986eeb1980407649b50774d3aa55bc5ca726b3f03e8cf,0xc36442b4a4522e871399cd717abdd847ab11fe88,0xb369b35bcf48257f5cc0ad688350dae80bbc994a,0,0,0,-290,-250,71
19124806,2024-01-31 11:52:47,0x6c38277a1df5fab3f9e986eeb1980407649b50774d3aa55bc5ca726b3f03e8cf,0xc36442b4a4522e871399cd717abdd847ab11fe88,0xb369b35bcf48257f5cc0ad688350dae80bbc994a,16831891895199583085,0.03550115053310857,0.015219244976362391,-290,-230,77
19915833,2024-05-21 09:15:47,0x6e1ae15ca5a543554090441d69c2994bf83e1b10dbfeccb18d3415120ee5b094,0xc36442b4a4522e871399cd717abdd847ab11fe88,0xe6d7f4b65c774395d0d82aabb15c75991628cb14,513370630714346197410776,252.124932150046370791,260.842827248289798687,-380,-360,92
19873194,2024-05-15 10:09:23,0x6e2ccdd385593be11d770b443c321f418509896e52bfa2beef6397f1e3327cd9,0xc36442b4a4522e871399cd717abdd847ab11fe88,0xe6d7f4b65c774395d0d82aabb15c75991628cb14,263207520474400209330816,77.750196251526204964,183.390924030536522407,-380,-360,241
19166337,2024-02-06 07:51:23,0x6fe274908af92499f6f3b1d3758b6ad387d96af83f26a7480a05300fa3ab6626,0x6b75d8af000000e20b7a7ddf000ba900b4009a80,0xae2fc483527b8ef99eb5d9b44875f005ba1fae13,281569949464022919151616,138.986623442804250032,4.029783087609067647,-340,-330,83
19188549,2024-02-09 10:39:47,0x716ac991c7b83b054eeb11092e802d8e1e23fb15d97e79a9a02345f85bceebab,0x6b75d8af000000e20b7a7ddf000ba900b4009a80,0xae2fc483527b8ef99eb5d9b44875f005ba1fae13,1037593782745980469248000,526.035600549729142732,0.430444406658981919,-300,-290,17
19313503,2024-02-26 23:24:35,0x733b12092b077b81892703a00956587aafad1995603cf156b23cf453865a4e84,0x6b75d8af000000e20b7a7ddf000ba900b4009a80,0xae2fc483527b8ef99eb5d9b44875f005ba1fae13,120587538353117338796032,52.192975736550865064,8.874338215103150592,-370,-360,10
19688174,2024-04-19 13:03:47,0x75561634ac481da97e1e2a64255e3835c526470bdcac6cee6b4376486a5b748a,0xc36442b4a4522e871399cd717abdd847ab11fe88,0x03174f008c56cd02034955d81fde78d5001f8197,11432608020328801589664,0,5.609846708160294347,-380,-370,311
19578798,2024-04-04 05:23:11,0x77af1ca79d8e18b8c83066f4415f80efc0ccbd6a4d993aa4358752e50598f241,0xc36442b4a4522e871399cd717abdd847ab11fe88,0xaa0d190f99ef03b2200c21bfd33918312b5fd9fa,71332475133550469249,0.587029406852090013,0.306099436404391024,-420,-170,118
19827815,2024-05-09 01:47:35,0x781aa70defd5ad5ae9fac39ebd97f8648ebbed535e389f9d29473cb62720e56c,0xc36442b4a4522e871399cd717abdd847ab11fe88,0x7e403268861e000b15e5ab29719b6a86c35463c7,2603483694032240827,0.007304108946267565,0.000616761849618269,-370,-310,255
19549282,2024-03-31 01:57:59,0x7915ba6a2d8093cb5f90d5a99d009064bc30f5e3dc54a03c86d5683f7a6110c3,0xc36442b4a4522e871399cd717abdd847ab11fe88,0x43e9fa7a60f80711c9d3afe4ce1bb3e8c3f7a9b8,10104849337696572741130105,6613.131637613694327238,3539.6768732613422983,-350,-330,72
19216749,2024-02-13 09:36:23,0x7a66fb5719f5010181fbcca7b096558852f7654a4dbeaeb5349f4e8855c91759,0xc36442b4a4522e871399cd717abdd847ab11fe88,0xb369b35bcf48257f5cc0ad688350dae80bbc994a,232555921568824050752922,471.378230705089010707,0.030490170771639738,-290,-250,98
19160379,2024-02-05 11:45:47,0x7b03956236ce8173dcf913abd650f7a3bf1ed066e1c17bd90759d4c57d972a20,0xb0000000aa4f00af1200c8b2befb6300853f0069,0xefae7395c20eb28f4f9810e8688a5ea79e1e24ed,106933019926110832418522,51.405216577823237171,2.768774478147112366,-300,-290,47
19787427,2024-05-03 10:13:47,0x7f53c599e5cc79060aef90f3d3e1d43667d72458e10ae9aa209b56d942dd7318,0xc36442b4a4522e871399cd717abdd847ab11fe88,0x43e9fa7a60f80711c9d3afe4ce1bb3e8c3f7a9b8,1,0,0,-380,-320,124
19787427,2024-05-03 10:13:47,0x7f53c599e5cc79060aef90f3d3e1d43667d72458e10ae9aa209b56d942dd7318,0xc36442b4a4522e871399cd717abdd847ab11fe88,0x43e9fa7a60f80711c9d3afe4ce1bb3e8c3f7a9b8,0,0,0,-380,-320,126
19787427,2024-05-03 10:13:47,0x7f53c599e5cc79060aef90f3d3e1d43667d72458e10ae9aa209b56d942dd7318,0xc36442b4a4522e871399cd717abdd847ab11fe88,0x43e9fa7a60f80711c9d3afe4ce1bb3e8c3f7a9b8,1,0,0,-370,-340,132
19787427,2024-05-03 10:13:47,0x7f53c599e5cc79060aef90f3d3e1d43667d72458e10ae9aa209b56d942dd7318,0xc36442b4a4522e871399cd717abdd847ab11fe88,0x43e9fa7a60f80711c9d3afe4ce1bb3e8c3f7a9b8,0,0,0,-370,-340,134
19605330,2024-04-07 22:33:59,0x7fda7c2c5afd2c6daaa8475a933f338c7ef8f5a79ff39f99cd6dadeaff8bc402,0xc36442b4a4522e871399cd717abdd847ab11fe88,0x43e9fa7a60f80711c9d3afe4ce1bb3e8c3f7a9b8,1,0,0,-370,-310,45
19605330,2024-04-07 22:33:59,0x7fda7c2c5afd2c6daaa8475a933f338c7ef8f5a79ff39f99cd6dadeaff8bc402,0xc36442b4a4522e871399cd717abdd847ab11fe88,0x43e9fa7a60f80711c9d3afe4ce1bb3e8c3f7a9b8,0,0,0,-370,-310,47
19605330,2024-04-07 22:33:59,0x7fda7c2c5afd2c6daaa8475a933f338c7ef8f5a79ff39f99cd6dadeaff8bc402,0xc36442b4a4522e871399cd717abdd847ab11fe88,0x43e9fa7a60f80711c9d3afe4ce1bb3e8c3f7a9b8,1,0,0,-360,-330,53
19605330,2024-04-07 22:33:59,0x7fda7c2c5afd2c6daaa8475a933f338c7ef8f5a79ff39f99cd6dadeaff8bc402,0xc36442b4a4522e871399cd717abdd847ab11fe88,0x43e9fa7a60f80711c9d3afe4ce1bb3e8c3f7a9b8,0,0,0,-360,-330,55
19573159,2024-04-03 10:27:11,0x8101e35da8789255f113e9a5fec5510b13e3b975bbc2ecf1b3a9d4d0f7066faa,0xc36442b4a4522e871399cd717abdd847ab11fe88,0x43e9fa7a60f80711c9d3afe4ce1bb3e8c3f7a9b8,1,0,0,-370,-310,374
19573159,2024-04-03 10:27:11,0x8101e35da8789255f113e9a5fec5510b13e3b975bbc2ecf1b3a9d4d0f7066faa,0xc36442b4a4522e871399cd717abdd847ab11fe88,0x43e9fa7a60f80711c9d3afe4ce1bb3e8c3f7a9b8,0,0,0,-370,-310,376
19573159,2024-04-03 10:27:11,0x8101e35da8789255f113e9a5fec5510b13e3b975bbc2ecf1b3a9d4d0f7066faa,0xc36442b4a4522e871399cd717abdd847ab11fe88,0x43e9fa7a60f80711c9d3afe4ce1bb3e8c3f7a9b8,1,0,0,-360,-330,382
19573159,2024-04-03 10:27:11,0x8101e35da8789255f113e9a5fec5510b13e3b975bbc2ecf1b3a9d4d0f7066faa,0xc36442b4a4522e871399cd717abdd847ab11fe88,0x43e9fa7a60f80711c9d3afe4ce1bb3e8c3f7a9b8,0,0,0,-360,-330,384
19723048,2024-04-24 10:06:23,0x8201db57d501d9941ef33fd267bfaed7a4e136e4e886d9c27b5ef815c48fb8bb,0xc36442b4a4522e871399cd717abdd847ab11fe88,0x43e9fa7a60f80711c9d3afe4ce1bb3e8c3f7a9b8,1,0,0,-380,-320,26
19723048,2024-04-24 10:06:23,0x8201db57d501d9941ef33fd267bfaed7a4e136e4e886d9c27b5ef815c48fb8bb,0xc36442b4a4522e871399cd717abdd847ab11fe88,0x43e9fa7a60f80711c9d3afe4ce1bb3e8c3f7a9b8,0,0,0,-380,-320,28
19723048,2024-04-24 10:06:23,0x8201db57d501d9941ef33fd267bfaed7a4e136e4e886d9c27b5ef815c48fb8bb,0xc36442b4a4522e871399cd717abdd847ab11fe88,0x43e9fa7a60f80711c9d3afe4ce1bb3e8c3f7a9b8,1,0,0,-370,-340,34
19723048,2024-04-24 10:06:23,0x8201db57d501d9941ef33fd267bfaed7a4e136e4e886d9c27b5ef815c48fb8bb,0xc36442b4a4522e871399cd717abdd847ab11fe88,0x43e9fa7a60f80711c9d3afe4ce1bb3e8c3f7a9b8,0,0,0,-370,-340,36
19796706,2024-05-04 17:20:47,0x839c147286833679f5019fbbfdb68883408c66dedf7d92519663812cbf7180c0,0xc36442b4a4522e871399cd717abdd847ab11fe88,0xbbbf04aae21a04408a8b5e54d4030f8cd55c9ec6,696853473612473051887476,82.475960579192584001,262.649808144657602862,-360,-350,203
19146679,2024-02-03 13:35:47,0x85dd272f7d7d70d031773c27d9deb8b8139da166ee23e227e027e3653fb21c9a,0x6b75d8af000000e20b7a7ddf000ba900b4009a80,0xae2fc483527b8ef99eb5d9b44875f005ba1fae13,255116774934143393857536,115.103139210387193152,14.115906746921230349,-340,-330,80
19923140,2024-05-22 09:46:47,0x8618fe813f9d3b9ada6ed71d54ddf33dff9ff80208f0421037c517d6470a85a5,0xc36442b4a4522e871399cd717abdd847ab11fe88,0x43e9fa7a60f80711c9d3afe4ce1bb3e8c3f7a9b8,1,0,0,-390,-330,15
19923140,2024-05-22 09:46:47,0x8618fe813f9d3b9ada6ed71d54ddf33dff9ff80208f0421037c517d6470a85a5,0xc36442b4a4522e871399cd717abdd847ab11fe88,0x43e9fa7a60f80711c9d3afe4ce1bb3e8c3f7a9b8,0,0,0,-390,-330,17
19923140,2024-05-22 09:46:47,0x8618fe813f9d3b9ada6ed71d54ddf33dff9ff80208f0421037c517d6470a85a5,0xc36442b4a4522e871399cd717abdd847ab11fe88,0x43e9fa7a60f80711c9d3afe4ce1bb3e8c3f7a9b8,1,0,0,-380,-350,23
19923140,2024-05-22 09:46:47,0x8618fe813f9d3b9ada6ed71d54ddf33dff9ff80208f0421037c517d6470a85a5,0xc36442b4a4522e871399cd717abdd847ab11fe88,0x43e9fa7a60f80711c9d3afe4ce1bb3e8c3f7a9b8,0,0,0,-380,-350,25
19665438,2024-04-16 08:42:35,0x8711e1ffc8e381e1ba5c22edd90d58be516ea4cb56d7ca60cca57cba246092e3,0xc36442b4a4522e871399cd717abdd847ab11fe88,0x43e9fa7a60f80711c9d3afe4ce1bb3e8c3f7a9b8,1,0,0,-370,-310,84
19665438,2024-04-16 08:42:35,0x8711e1ffc8e381e1ba5c22edd90d58be516ea4cb56d7ca60cca57cba246092e3,0xc36442b4a4522e871399cd717abdd847ab11fe88,0x43e9fa7a60f80711c9d3afe4ce1bb3e8c3f7a9b8,0,0,0,-370,-310,86
19665438,2024-04-16 08:42:35,0x8711e1ffc8e381e1ba5c22edd90d58be516ea4cb56d7ca60cca57cba246092e3,0xc36442b4a4522e871399cd717abdd847ab11fe88,0x43e9fa7a60f80711c9d3afe4ce1bb3e8c3f7a9b8,1,0,0,-360,-330,92
19665438,2024-04-16 08:42:35,0x8711e1ffc8e381e1ba5c22edd90d58be516ea4cb56d7ca60cca57cba246092e3,0xc36442b4a4522e871399cd717abdd847ab11fe88,0x43e9fa7a60f80711c9d3afe4ce1bb3e8c3f7a9b8,0,0,0,-360,-330,94
19550613,2024-03-31 06:27:47,0x878fda5d8be7b2c9d14c5698c960288d7e38890d1b3979c3efc6c860aac47e93,0xc36442b4a4522e871399cd717abdd847ab11fe88,0x2779f0cdb7ef2c3e14bc5cb2dc1ab314211c58a1,60480094897022034422,0.030749271269820265,0,-340,-330,520
19341861,2024-03-01 22:37:11,0x884472d0e15e87d992e1fdc0e3ffef77e0f01010ec299213c6c892e42c45da19,0x0d3c2261747b2079f6abd459642421a8087aead5,0xa6ae57b1da8238cd149bc718c40578e4620b752c,125781430844884977200717,47.437203208849191326,77.742828513857925485,-370,-350,85
19880936,2024-05-16 12:05:59,0x8862957bf12e3efe82f230f47177481decdfee4aeff172cc93488d62777f5d17,0xc36442b4a4522e871399cd717abdd847ab11fe88,0xe6d7f4b65c774395d0d82aabb15c75991628cb14,0,0,0,-380,-360,128
19487816,2024-03-22 09:34:23,0x8a4ef0026694875e74e5554d04bde7e23a4241272992857fcc635b94445686c6,0x6b75d8af000000e20b7a7ddf000ba900b4009a80,0xae2fc483527b8ef99eb5d9b44875f005ba1fae13,74731790401313936769024,37.862370095961057207,0,-270,-260,43
19849310,2024-05-12 01:54:59,0x8ade10968ac269af1f1aee6c41523445342de3fe7df9f13985e5ed80934a0823,0xc36442b4a4522e871399cd717abdd847ab11fe88,0x86d16951598c1fc814b2fbc59a9af39f22d6175b,64122347378792231857491,32.166571980749528316,0.465872355015037099,-370,-360,173
19823368,2024-05-08 10:50:35,0x8cafce76e99f62134a60763be26b3444d54fce53b514de35f0ff22772aa89d1a,0xc36442b4a4522e871399cd717abdd847ab11fe88,0x43e9fa7a60f80711c9d3afe4ce1bb3e8c3f7a9b8,1,0,0,-380,-320,29
19823368,2024-05-08 10:50:35,0x8cafce76e99f62134a60763be26b3444d54fce53b514de35f0ff22772aa89d1a,0xc36442b4a4522e871399cd717abdd847ab11fe88,0x43e9fa7a60f80711c9d3afe4ce1bb3e8c3f7a9b8,0,0,0,-380,-320,31
19823368,2024-05-08 10:50:35,0x8cafce76e99f62134a60763be26b3444d54fce53b514de35f0ff22772aa89d1a,0xc36442b4a4522e871399cd717abdd847ab11fe88,0x43e9fa7a60f80711c9d3afe4ce1bb3e8c3f7a9b8,1,0,0,-370,-340,37
19823368,2024-05-08 10:50:35,0x8cafce76e99f62134a60763be26b3444d54fce53b514de35f0ff22772aa89d1a,0xc36442b4a4522e871399cd717abdd847ab11fe88,0x43e9fa7a60f80711c9d3afe4ce1bb3e8c3f7a9b8,0,0,0,-370,-340,39
19832237,2024-05-09 16:38:23,0x8ce960a278e50812f35d162cf058fd374e217afd1b52b1d03621b5f75ac66ebf,0xc36442b4a4522e871399cd717abdd847ab11fe88,0x63b6fbe304a013cbfd959f006950761bed6e53b1,20684802120305536146,0.021048902107060084,0,-360,-340,193
19479994,2024-03-21 07:11:47,0x9035fa2c1d02fa3ddd80b863c613361da7cc731fae1dd65d34f9df8f760a4ba1,0x6b75d8af000000e20b7a7ddf000ba900b4009a80,0xae2fc483527b8ef99eb5d9b44875f005ba1fae13,1226952179684721454743552,249.083941395153079759,362.48738439252599205,-310,-300,52
19858835,2024-05-13 09:53:59,0x94b4dbbc03c0bf42ca4a03d5d3cd673d63d89e44d8c4d667cd918049c9fa3590,0xc36442b4a4522e871399cd717abdd847ab11fe88,0xbbbf04aae21a04408a8b5e54d4030f8cd55c9ec6,220754603720058652337376,86.079106714843567822,25.372131562241645699,-370,-360,222
19097339,2024-01-27 15:31:35,0x97300bc1a3e847bf12919d96df84f7e1ca0d2ffd1808200d621e688980f0b364,0x0d3c2261747b2079f6abd459642421a8087aead5,0xa6ae57b1da8238cd149bc718c40578e4620b752c,15215485259396906882154,43.074903658995014492,3.17320531707896554,-340,-280,31
19537034,2024-03-29 08:38:23,0x9c34df9a34337a206f8568c20b252aa977d70d6bdea4eb23384e05ee10bc040a,0xc36442b4a4522e871399cd717abdd847ab11fe88,0x43e9fa7a60f80711c9d3afe4ce1bb3e8c3f7a9b8,1,0,0,-350,-330,114
19537034,2024-03-29 08:38:23,0x9c34df9a34337a206f8568c20b252aa977d70d6bdea4eb23384e05ee10bc040a,0xc36442b4a4522e871399cd717abdd847ab11fe88,0x43e9fa7a60f80711c9d3afe4ce1bb3e8c3f7a9b8,0,0,0,-350,-330,116
19537034,2024-03-29 08:38:23,0x9c34df9a34337a206f8568c20b252aa977d70d6bdea4eb23384e05ee10bc040a,0xc36442b4a4522e871399cd717abdd847ab11fe88,0x43e9fa7a60f80711c9d3afe4ce1bb3e8c3f7a9b8,1,0,0,-370,-310,122
19537034,2024-03-29 08:38:23,0x9c34df9a34337a206f8568c20b252aa977d70d6bdea4eb23384e05ee10bc040a,0xc36442b4a4522e871399cd717abdd847ab11fe88,0x43e9fa7a60f80711c9d3afe4ce1bb3e8c3f7a9b8,0,0,0,-370,-310,124
19815726,2024-05-07 09:11:11,0x9e1019d21e61ed5912202fa221e3171327339a3eb5db012c7f5feb5ebc903193,0xc36442b4a4522e871399cd717abdd847ab11fe88,0x43e9fa7a60f80711c9d3afe4ce1bb3e8c3f7a9b8,1,0,0,-380,-320,77
19815726,2024-05-07 09:11:11,0x9e1019d21e61ed5912202fa221e3171327339a3eb5db012c7f5feb5ebc903193,0xc36442b4a4522e871399cd717abdd847ab11fe88,0x43e9fa7a60f80711c9d3afe4ce1bb3e8c3f7a9b8,0,0,0,-380,-320,79
19815726,2024-05-07 09:11:11,0x9e1019d21e61ed5912202fa221e3171327339a3eb5db012c7f5feb5ebc903193,0xc36442b4a4522e871399cd717abdd847ab11fe88,0x43e9fa7a60f80711c9d3afe4ce1bb3e8c3f7a9b8,1,0,0,-370,-340,85
19815726,2024-05-07 09:11:11,0x9e1019d21e61ed5912202fa221e3171327339a3eb5db012c7f5feb5ebc903193,0xc36442b4a4522e871399cd717abdd847ab11fe88,0x43e9fa7a60f80711c9d3afe4ce1bb3e8c3f7a9b8,0,0,0,-370,-340,87
19801475,2024-05-05 09:21:35,0xa82b8055625ef048176d1828f287bb44f5beaa728e1b983a3c86dd12917a2804,0xc36442b4a4522e871399cd717abdd847ab11fe88,0x43e9fa7a60f80711c9d3afe4ce1bb3e8c3f7a9b8,1,0,0,-380,-320,8
19801475,2024-05-05 09:21:35,0xa82b8055625ef048176d1828f287bb44f5beaa728e1b983a3c86dd12917a2804,0xc36442b4a4522e871399cd717abdd847ab11fe88,0x43e9fa7a60f80711c9d3afe4ce1bb3e8c3f7a9b8,0,0,0,-380,-320,10
19801475,2024-05-05 09:21:35,0xa82b8055625ef048176d1828f287bb44f5beaa728e1b983a3c86dd12917a2804,0xc36442b4a4522e871399cd717abdd847ab11fe88,0x43e9fa7a60f80711c9d3afe4ce1bb3e8c3f7a9b8,1,0,0,-370,-340,16
19801475,2024-05-05 09:21:35,0xa82b8055625ef048176d1828f287bb44f5beaa728e1b983a3c86dd12917a2804,0xc36442b4a4522e871399cd717abdd847ab11fe88,0x43e9fa7a60f80711c9d3afe4ce1bb3e8c3f7a9b8,0,0,0,-370,-340,18
19873124,2024-05-15 09:55:11,0xa8311044a6bc3bf92d2de5c1d7270a3bea94afc0c385705d6668259d7b633a9a,0xc36442b4a4522e871399cd717abdd847ab11fe88,0xbbbf04aae21a04408a8b5e54d4030f8cd55c9ec6,96111876624969955609628,28.397481790204126943,66.960069672230757857,-380,-360,235
19880242,2024-05-16 09:46:23,0xa913d5ff9e9c64281736a96a5d34a32cc1ecd9a98cf67f3a5847ed1455af5491,0xc36442b4a4522e871399cd717abdd847ab11fe88,0x43e9fa7a60f80711c9d3afe4ce1bb3e8c3f7a9b8,3263671228782428765541613,8477.858163554758732685,1430.754798018671209535,-380,-320,182
19880242,2024-05-16 09:46:23,0xa913d5ff9e9c64281736a96a5d34a32cc1ecd9a98cf67f3a5847ed1455af5491,0xc36442b4a4522e871399cd717abdd847ab11fe88,0x43e9fa7a60f80711c9d3afe4ce1bb3e8c3f7a9b8,11890322227945658610471536,18153.967422214457023524,0,-370,-340,194
19945428,2024-05-25 12:34:11,0xaadca7eb92001333c822e9975f9eea05577b49566e3f78f04728389f5259a9c0,0xc36442b4a4522e871399cd717abdd847ab11fe88,0xfa4c635e555d7f5464e24e48da6887cf74cc2f15,251995961315179575795490,273.606923703305571908,107.302839124689542151,-390,-360,273
19829005,2024-05-09 05:47:11,0xaef7798694202083c7a10447f36b107f3ccb2878c35208d00a4ad9ab732c4441,0xc36442b4a4522e871399cd717abdd847ab11fe88,0xa6dfbebf6f3ae1c7c46e60a1d353387edece70df,15794686926963422498747,16.072709664017030789,0,-360,-340,151
19542730,2024-03-30 03:50:59,0xb056218621e46d4f3a6e55be0856b024f8d65f15b59b75ad968166608b677382,0xc36442b4a4522e871399cd717abdd847ab11fe88,0x43e9fa7a60f80711c9d3afe4ce1bb3e8c3f7a9b8,1,0,0,-350,-330,63
19542730,2024-03-30 03:50:59,0xb056218621e46d4f3a6e55be0856b024f8d65f15b59b75ad968166608b677382,0xc36442b4a4522e871399cd717abdd847ab11fe88,0x43e9fa7a60f80711c9d3afe4ce1bb3e8c3f7a9b8,0,0,0,-350,-330,65
19542730,2024-03-30 03:50:59,0xb056218621e46d4f3a6e55be0856b024f8d65f15b59b75ad968166608b677382,0xc36442b4a4522e871399cd717abdd847ab11fe88,0x43e9fa7a60f80711c9d3afe4ce1bb3e8c3f7a9b8,1,0,0,-370,-310,71
19542730,2024-03-30 03:50:59,0xb056218621e46d4f3a6e55be0856b024f8d65f15b59b75ad968166608b677382,0xc36442b4a4522e871399cd717abdd847ab11fe88,0x43e9fa7a60f80711c9d3afe4ce1bb3e8c3f7a9b8,0,0,0,-370,-310,73
19565864,2024-04-02 09:53:59,0xb4c25b576bf5eb88b57e12e6172cada120b9621f61780c6b766883cfd2400ef2,0xc36442b4a4522e871399cd717abdd847ab11fe88,0x43e9fa7a60f80711c9d3afe4ce1bb3e8c3f7a9b8,1,0,0,-370,-310,149
19565864,2024-04-02 09:53:59,0xb4c25b576bf5eb88b57e12e6172cada120b9621f61780c6b766883cfd2400ef2,0xc36442b4a4522e871399cd717abdd847ab11fe88,0x43e9fa7a60f80711c9d3afe4ce1bb3e8c3f7a9b8,0,0,0,-370,-310,151
19565864,2024-04-02 09:53:59,0xb4c25b576bf5eb88b57e12e6172cada120b9621f61780c6b766883cfd2400ef2,0xc36442b4a4522e871399cd717abdd847ab11fe88,0x43e9fa7a60f80711c9d3afe4ce1bb3e8c3f7a9b8,1,0,0,-360,-330,157
19565864,2024-04-02 09:53:59,0xb4c25b576bf5eb88b57e12e6172cada120b9621f61780c6b766883cfd2400ef2,0xc36442b4a4522e871399cd717abdd847ab11fe88,0x43e9fa7a60f80711c9d3afe4ce1bb3e8c3f7a9b8,0,0,0,-360,-330,159
18988727,2024-01-12 10:27:23,0xb4d3929f6a1674ad6055a7b5a1efc63f4b6eaac1ddded2e124041dcae4f1c050,0xc36442b4a4522e871399cd717abdd847ab11fe88,0xb369b35bcf48257f5cc0ad688350dae80bbc994a,65924196529405603967604,99.996062942549191483,0.003843697766658458,-240,-210,78
19119556,2024-01-30 18:14:47,0xb72d713f8e800b9f1421b878fe5bb988f9bba2f159f093ffc522c507718082a2,0x0d3c2261747b2079f6abd459642421a8087aead5,0xa6ae57b1da8238cd149bc718c40578e4620b752c,247755832874053181895517,225.548440617277030345,25.052994983713976679,-300,-280,44
19153844,2024-02-04 13:45:23,0xb7517c3161a7373b98e81d99fe52d1536da6a44f88891771eff1817212dd4d74,0x6b75d8af000000e20b7a7ddf000ba900b4009a80,0xae2fc483527b8ef99eb5d9b44875f005ba1fae13,586189499994588294676480,297.137579034142352717,0,-280,-270,65
19795196,2024-05-04 12:17:47,0xb7be34d53ce06d28dbaa058cb84665262e726c43724f441380f9cf438afe0421,0xc36442b4a4522e871399cd717abdd847ab11fe88,0xbbbf04aae21a04408a8b5e54d4030f8cd55c9ec6,216095097729808349890917,11.153540653645602832,307.495711645208914944,-380,-350,265
19887260,2024-05-17 09:17:35,0xb88585ea685d81a7778a14adc8e2cf691e7f65e737a40396d6f907ad001a7d86,0xc36442b4a4522e871399cd717abdd847ab11fe88,0x43e9fa7a60f80711c9d3afe4ce1bb3e8c3f7a9b8,1,0,0,-390,-330,72
19887260,2024-05-17 09:17:35,0xb88585ea685d81a7778a14adc8e2cf691e7f65e737a40396d6f907ad001a7d86,0xc36442b4a4522e871399cd717abdd847ab11fe88,0x43e9fa7a60f80711c9d3afe4ce1bb3e8c3f7a9b8,0,0,0,-390,-330,74
19887260,2024-05-17 09:17:35,0xb88585ea685d81a7778a14adc8e2cf691e7f65e737a40396d6f907ad001a7d86,0xc36442b4a4522e871399cd717abdd847ab11fe88,0x43e9fa7a60f80711c9d3afe4ce1bb3e8c3f7a9b8,1,0,0,-380,-350,80
19887260,2024-05-17 09:17:35,0xb88585ea685d81a7778a14adc8e2cf691e7f65e737a40396d6f907ad001a7d86,0xc36442b4a4522e871399cd717abdd847ab11fe88,0x43e9fa7a60f80711c9d3afe4ce1bb3e8c3f7a9b8,0,0,0,-380,-350,82
19513841,2024-03-26 01:25:11,0xba345205c8f4e5cbf9c9c872b5e4b51f437f3fd5faf8b4056c9ed879be072b05,0xc36442b4a4522e871399cd717abdd847ab11fe88,0x43e9fa7a60f80711c9d3afe4ce1bb3e8c3f7a9b8,2047843107319918287638912,3899.33996464139142826,253.461174385961760488,-340,-300,44
19513841,2024-03-26 01:25:11,0xba345205c8f4e5cbf9c9c872b5e4b51f437f3fd5faf8b4056c9ed879be072b05,0xc36442b4a4522e871399cd717abdd847ab11fe88,0x43e9fa7a60f80711c9d3afe4ce1bb3e8c3f7a9b8,1287898411795755643487074,3758.956481467889009096,1424.897095638265377347,-360,-280,56
19173479,2024-02-07 07:54:35,0xbbac179676bc742dba3a10e809d015d3dde8a9341fb79b28489c7d58bf1e73e1,0x6b75d8af000000e20b7a7ddf000ba900b4009a80,0xae2fc483527b8ef99eb5d9b44875f005ba1fae13,244001082376184920014848,102.721695352136364247,20.621928874091906845,-340,-330,162
19151450,2024-02-04 05:39:11,0xbdee34cada21cee657049f9cca9efcf7216ef9d2e11cbdf26562ddfa632c5212,0xc36442b4a4522e871399cd717abdd847ab11fe88,0xb369b35bcf48257f5cc0ad688350dae80bbc994a,1,0,0,-290,-250,149
19151450,2024-02-04 05:39:11,0xbdee34cada21cee657049f9cca9efcf7216ef9d2e11cbdf26562ddfa632c5212,0xc36442b4a4522e871399cd717abdd847ab11fe88,0xb369b35bcf48257f5cc0ad688350dae80bbc994a,0,0,0,-290,-250,151
19130257,2024-02-01 06:14:23,0xbfde87107b1f2a8f7d751862f34f29f1423b0aef6235f9bfa98fef81ec252891,0xc36442b4a4522e871399cd717abdd847ab11fe88,0x8a4a55b49856773afa8ec5972d43f36e93b9f826,13361642236288352918914,19.481982378123952624,7.418710690716142999,-340,-300,94
19587070,2024-04-05 09:09:47,0xbfeb8d550836dba1adc42c6b64ab60d02d60f41502a5f29bb60e11444740409c,0xc36442b4a4522e871399cd717abdd847ab11fe88,0x43e9fa7a60f80711c9d3afe4ce1bb3e8c3f7a9b8,1,0,0,-370,-310,126
19587070,2024-04-05 09:09:47,0xbfeb8d550836dba1adc42c6b64ab60d02d60f41502a5f29bb60e11444740409c,0xc36442b4a4522e871399cd717abdd847ab11fe88,0x43e9fa7a60f80711c9d3afe4ce1bb3e8c3f7a9b8,0,0,0,-370,-310,128
19587070,2024-04-05 09:09:47,0xbfeb8d550836dba1adc42c6b64ab60d02d60f41502a5f29bb60e11444740409c,0xc36442b4a4522e871399cd717abdd847ab11fe88,0x43e9fa7a60f80711c9d3afe4ce1bb3e8c3f7a9b8,1,0,0,-360,-330,134
19587070,2024-04-05 09:09:47,0xbfeb8d550836dba1adc42c6b64ab60d02d60f41502a5f29bb60e11444740409c,0xc36442b4a4522e871399cd717abdd847ab11fe88,0x43e9fa7a60f80711c9d3afe4ce1bb3e8c3f7a9b8,0,0,0,-360,-330,136
19964300,2024-05-28 03:50:35,0xc0b4c5c18f82a077deae26dbb44380580ea95b8fe2e5968a9a075ca0db7cfc1e,0xc36442b4a4522e871399cd717abdd847ab11fe88,0x43e9fa7a60f80711c9d3afe4ce1bb3e8c3f7a9b8,1,0,0,-400,-340,157
19964300,2024-05-28 03:50:35,0xc0b4c5c18f82a077deae26dbb44380580ea95b8fe2e5968a9a075ca0db7cfc1e,0xc36442b4a4522e871399cd717abdd847ab11fe88,0x43e9fa7a60f80711c9d3afe4ce1bb3e8c3f7a9b8,0,0,0,-400,-340,159
19964300,2024-05-28 03:50:35,0xc0b4c5c18f82a077deae26dbb44380580ea95b8fe2e5968a9a075ca0db7cfc1e,0xc36442b4a4522e871399cd717abdd847ab11fe88,0x43e9fa7a60f80711c9d3afe4ce1bb3e8c3f7a9b8,1,0,0,-390,-360,165
19964300,2024-05-28 03:50:35,0xc0b4c5c18f82a077deae26dbb44380580ea95b8fe2e5968a9a075ca0db7cfc1e,0xc36442b4a4522e871399cd717abdd847ab11fe88,0x43e9fa7a60f80711c9d3afe4ce1bb3e8c3f7a9b8,0,0,0,-390,-360,167
19644634,2024-04-13 10:41:11,0xc52aef520dd2e6c2eed90def12d6cfff2c8e8902d7a53628c2de9584f4002a42,0xc36442b4a4522e871399cd717abdd847ab11fe88,0x43e9fa7a60f80711c9d3afe4ce1bb3e8c3f7a9b8,1,0,0,-370,-310,104
19644634,2024-04-13 10:41:11,0xc52aef520dd2e6c2eed90def12d6cfff2c8e8902d7a53628c2de9584f4002a42,0xc36442b4a4522e871399cd717abdd847ab11fe88,0x43e9fa7a60f80711c9d3afe4ce1bb3e8c3f7a9b8,0,0,0,-370,-310,106
19644634,2024-04-13 10:41:11,0xc52aef520dd2e6c2eed90def12d6cfff2c8e8902d7a53628c2de9584f4002a42,0xc36442b4a4522e871399cd717abdd847ab11fe88,0x43e9fa7a60f80711c9d3afe4ce1bb3e8c3f7a9b8,1,0,0,-360,-330,112
19644634,2024-04-13 10:41:11,0xc52aef520dd2e6c2eed90def12d6cfff2c8e8902d7a53628c2de9584f4002a42,0xc36442b4a4522e871399cd717abdd847ab11fe88,0x43e9fa7a60f80711c9d3afe4ce1bb3e8c3f7a9b8,0,0,0,-360,-330,114
19877998,2024-05-16 02:14:11,0xc59e41645e822aafc8c070059dac4e212b460fad447faf33b2e3ebceb8fdb48a,0xc36442b4a4522e871399cd717abdd847ab11fe88,0x3f57d5886ae0af954206756a3c2b9a92a4dd419e,40518606081027066065,0.041231826533976548,0,-360,-340,558
19480246,2024-03-21 08:02:47,0xc65105bb404666d1bb06a7910626f009f36335e198ff9bdd3dcbe0c993b27d9a,0x6b75d8af000000e20b7a7ddf000ba900b4009a80,0xae2fc483527b8ef99eb5d9b44875f005ba1fae13,78246665825841840128000,39.682819615259990288,0,-290,-280,62
19957635,2024-05-27 05:29:35,0xc6bb27d0731ca5b10cb87d6f17698a6ed251d0eb476517dd34a0fde527e9e527,0xc36442b4a4522e871399cd717abdd847ab11fe88,0x43e9fa7a60f80711c9d3afe4ce1bb3e8c3f7a9b8,1,0,0,-400,-340,203
19957635,2024-05-27 05:29:35,0xc6bb27d0731ca5b10cb87d6f17698a6ed251d0eb476517dd34a0fde527e9e527,0xc36442b4a4522e871399cd717abdd847ab11fe88,0x43e9fa7a60f80711c9d3afe4ce1bb3e8c3f7a9b8,0,0,0,-400,-340,205
19957635,2024-05-27 05:29:35,0xc6bb27d0731ca5b10cb87d6f17698a6ed251d0eb476517dd34a0fde527e9e527,0xc36442b4a4522e871399cd717abdd847ab11fe88,0x43e9fa7a60f80711c9d3afe4ce1bb3e8c3f7a9b8,1,0,0,-390,-360,211
19957635,2024-05-27 05:29:35,0xc6bb27d0731ca5b10cb87d6f17698a6ed251d0eb476517dd34a0fde527e9e527,0xc36442b4a4522e871399cd717abdd847ab11fe88,0x43e9fa7a60f80711c9d3afe4ce1bb3e8c3f7a9b8,0,0,0,-390,-360,213
19872854,2024-05-15 09:00:59,0xc6c6d69e9c8ed0bd4415cf7d132c8c5885a50ea38676ed241a386dae3f943753,0xc36442b4a4522e871399cd717abdd847ab11fe88,0x43e9fa7a60f80711c9d3afe4ce1bb3e8c3f7a9b8,1,0,0,-380,-320,99
19872854,2024-05-15 09:00:59,0xc6c6d69e9c8ed0bd4415cf7d132c8c5885a50ea38676ed241a386dae3f943753,0xc36442b4a4522e871399cd717abdd847ab11fe88,0x43e9fa7a60f80711c9d3afe4ce1bb3e8c3f7a9b8,0,0,0,-380,-320,101
19872854,2024-05-15 09:00:59,0xc6c6d69e9c8ed0bd4415cf7d132c8c5885a50ea38676ed241a386dae3f943753,0xc36442b4a4522e871399cd717abdd847ab11fe88,0x43e9fa7a60f80711c9d3afe4ce1bb3e8c3f7a9b8,1,0,0,-370,-340,107
19872854,2024-05-15 09:00:59,0xc6c6d69e9c8ed0bd4415cf7d132c8c5885a50ea38676ed241a386dae3f943753,0xc36442b4a4522e871399cd717abdd847ab11fe88,0x43e9fa7a60f80711c9d3afe4ce1bb3e8c3f7a9b8,0,0,0,-370,-340,109
19167630,2024-02-06 12:10:59,0xc7a9520d11df7ac92620519388d47d72ee99e6bea851c6eb7edffad5b88eebc9,0x6b75d8af000000e20b7a7ddf000ba900b4009a80,0xae2fc483527b8ef99eb5d9b44875f005ba1fae13,291707496493188516937728,141.968044965267705562,6.456401060515789353,-390,-380,27
19649749,2024-04-14 03:55:59,0xc821de48fa9eaa2cde91b0ad2f01047edd5c1392943e953fab2d8bf9520b4038,0xc36442b4a4522e871399cd717abdd847ab11fe88,0x43e9fa7a60f80711c9d3afe4ce1bb3e8c3f7a9b8,1,0,0,-370,-310,78
19649749,2024-04-14 03:55:59,0xc821de48fa9eaa2cde91b0ad2f01047edd5c1392943e953fab2d8bf9520b4038,0xc36442b4a4522e871399cd717abdd847ab11fe88,0x43e9fa7a60f80711c9d3afe4ce1bb3e8c3f7a9b8,0,0,0,-370,-310,80
19649749,2024-04-14 03:55:59,0xc821de48fa9eaa2cde91b0ad2f01047edd5c1392943e953fab2d8bf9520b4038,0xc36442b4a4522e871399cd717abdd847ab11fe88,0x43e9fa7a60f80711c9d3afe4ce1bb3e8c3f7a9b8,1,0,0,-360,-330,86
19649749,2024-04-14 03:55:59,0xc821de48fa9eaa2cde91b0ad2f01047edd5c1392943e953fab2d8bf9520b4038,0xc36442b4a4522e871399cd717abdd847ab11fe88,0x43e9fa7a60f80711c9d3afe4ce1bb3e8c3f7a9b8,0,0,0,-360,-330,88
19155799,2024-02-04 20:20:47,0xc89183949bd99c4c2f7262402ce96dc0dd03708fa504bb597c160018d3bb5f52,0xb0000000aa4f00af1200c8b2befb6300853f0069,0xefae7395c20eb28f4f9810e8688a5ea79e1e24ed,7221754377075800260619,3.671682142080266423,0,-340,-330,53
19359600,2024-03-04 10:06:11,0xce7ded10b0636a39239a90f994ceee9d50970e8993f11dd82d8e645733f3a6d2,0xc36442b4a4522e871399cd717abdd847ab11fe88,0xb369b35bcf48257f5cc0ad688350dae80bbc994a,178722602974984134674486,105.629169006029161249,73.517245384139585543,-320,-300,104
19844288,2024-05-11 09:04:59,0xcefca571fd56ad2f92434dea184bb06676eb5ac5b16537317f48db3a93166acc,0xc36442b4a4522e871399cd717abdd847ab11fe88,0x43e9fa7a60f80711c9d3afe4ce1bb3e8c3f7a9b8,1,0,0,-380,-320,91
19844288,2024-05-11 09:04:59,0xcefca571fd56ad2f92434dea184bb06676eb5ac5b16537317f48db3a93166acc,0xc36442b4a4522e871399cd717abdd847ab11fe88,0x43e9fa7a60f80711c9d3afe4ce1bb3e8c3f7a9b8,0,0,0,-380,-320,93
19844288,2024-05-11 09:04:59,0xcefca571fd56ad2f92434dea184bb06676eb5ac5b16537317f48db3a93166acc,0xc36442b4a4522e871399cd717abdd847ab11fe88,0x43e9fa7a60f80711c9d3afe4ce1bb3e8c3f7a9b8,1,0,0,-370,-340,99
19844288,2024-05-11 09:04:59,0xcefca571fd56ad2f92434dea184bb06676eb5ac5b16537317f48db3a93166acc,0xc36442b4a4522e871399cd717abdd847ab11fe88,0x43e9fa7a60f80711c9d3afe4ce1bb3e8c3f7a9b8,0,0,0,-370,-340,101
19837575,2024-05-10 10:33:47,0xd13fdfe153a1ae9cdcc3c45132c978c7ac8a5b5b731c32b3523c61bc019004ae,0xc36442b4a4522e871399cd717abdd847ab11fe88,0xe6d7f4b65c774395d0d82aabb15c75991628cb14,263219995545782297658989,104.999999999999999999,286.229183708592990182,-390,-360,125
19145777,2024-02-03 10:33:59,0xd32506af2038d55f9cbd3aa412d4268e34c7c515fcc451137525b66145aa6b35,0x6b75d8af000000e20b7a7ddf000ba900b4009a80,0xae2fc483527b8ef99eb5d9b44875f005ba1fae13,234553507357605782093824,47.611589103982586934,69.266131719012634121,-340,-330,66
19114006,2024-01-29 23:35:11,0xd7be9bf0bd50af36af013950724380a072be899885d9aac3a451b06675e80ee9,0xc36442b4a4522e871399cd717abdd847ab11fe88,0x8a4a55b49856773afa8ec5972d43f36e93b9f826,24019747177729568259279,27.950866979889770199,20.177436384170021948,-330,-290,79
19625586,2024-04-10 18:40:35,0xdbd836ec82a6524f6efedb642f17dac59d42806e486ac83079649fcbb2b03271,0x6b75d8af000000e20b7a7ddf000ba900b4009a80,0xae2fc483527b8ef99eb5d9b44875f005ba1fae13,625455203232204441255936,317.834793122476196471,0,-330,-320,37
19902230,2024-05-19 11:35:11,0xdc38f3fe6d2203faeceb61b9b77baf4cdbbaf231e4b20a3f467e2b83edb6c885,0xc36442b4a4522e871399cd717abdd847ab11fe88,0x9b2b83964a8a8115296babebd4f07c5fa089501a,1,0,0,-390,-330,68
19902230,2024-05-19 11:35:11,0xdc38f3fe6d2203faeceb61b9b77baf4cdbbaf231e4b20a3f467e2b83edb6c885,0xc36442b4a4522e871399cd717abdd847ab11fe88,0x9b2b83964a8a8115296babebd4f07c5fa089501a,0,0,0,-390,-330,70
19902230,2024-05-19 11:35:11,0xdc38f3fe6d2203faeceb61b9b77baf4cdbbaf231e4b20a3f467e2b83edb6c885,0xc36442b4a4522e871399cd717abdd847ab11fe88,0x9b2b83964a8a8115296babebd4f07c5fa089501a,1,0,0,-380,-350,76
19902230,2024-05-19 11:35:11,0xdc38f3fe6d2203faeceb61b9b77baf4cdbbaf231e4b20a3f467e2b83edb6c885,0xc36442b4a4522e871399cd717abdd847ab11fe88,0x9b2b83964a8a8115296babebd4f07c5fa089501a,0,0,0,-380,-350,78
19808560,2024-05-06 09:07:59,0xdd16792709dc3bc81e92518c1b8484d4bbc39f05329a41328fbe19d0d62d135e,0xc36442b4a4522e871399cd717abdd847ab11fe88,0x43e9fa7a60f80711c9d3afe4ce1bb3e8c3f7a9b8,1,0,0,-380,-320,99
19808560,2024-05-06 09:07:59,0xdd16792709dc3bc81e92518c1b8484d4bbc39f05329a41328fbe19d0d62d135e,0xc36442b4a4522e871399cd717abdd847ab11fe88,0x43e9fa7a60f80711c9d3afe4ce1bb3e8c3f7a9b8,0,0,0,-380,-320,101
19808560,2024-05-06 09:07:59,0xdd16792709dc3bc81e92518c1b8484d4bbc39f05329a41328fbe19d0d62d135e,0xc36442b4a4522e871399cd717abdd847ab11fe88,0x43e9fa7a60f80711c9d3afe4ce1bb3e8c3f7a9b8,1,0,0,-370,-340,107
19808560,2024-05-06 09:07:59,0xdd16792709dc3bc81e92518c1b8484d4bbc39f05329a41328fbe19d0d62d135e,0xc36442b4a4522e871399cd717abdd847ab11fe88,0x43e9fa7a60f80711c9d3afe4ce1bb3e8c3f7a9b8,0,0,0,-370,-340,109
19821468,2024-05-08 04:28:47,0xdd9a81225b0c831b79b67591d4a14206b156cebe426e73511a7f74dc4ff5bdc9,0xc36442b4a4522e871399cd717abdd847ab11fe88,0x86d16951598c1fc814b2fbc59a9af39f22d6175b,30773424172713877780886,31.315107059913367575,0,-360,-340,172
19858819,2024-05-13 09:50:47,0xdf49d33a161ec0175f5236506edf5d6b9690e344353715e5912bbfd17b737aef,0xc36442b4a4522e871399cd717abdd847ab11fe88,0x43e9fa7a60f80711c9d3afe4ce1bb3e8c3f7a9b8,1,0,0,-380,-320,24
19858819,2024-05-13 09:50:47,0xdf49d33a161ec0175f5236506edf5d6b9690e344353715e5912bbfd17b737aef,0xc36442b4a4522e871399cd717abdd847ab11fe88,0x43e9fa7a60f80711c9d3afe4ce1bb3e8c3f7a9b8,0,0,0,-380,-320,26
19858819,2024-05-13 09:50:47,0xdf49d33a161ec0175f5236506edf5d6b9690e344353715e5912bbfd17b737aef,0xc36442b4a4522e871399cd717abdd847ab11fe88,0x43e9fa7a60f80711c9d3afe4ce1bb3e8c3f7a9b8,1,0,0,-370,-340,32
19858819,2024-05-13 09:50:47,0xdf49d33a161ec0175f5236506edf5d6b9690e344353715e5912bbfd17b737aef,0xc36442b4a4522e871399cd717abdd847ab11fe88,0x43e9fa7a60f80711c9d3afe4ce1bb3e8c3f7a9b8,0,0,0,-370,-340,34
19120764,2024-01-30 22:18:23,0xe17f79ebe1d2f9a371bbb5b9365d52c024a21a16880b715755c90b5a548a0394,0x0d3c2261747b2079f6abd459642421a8087aead5,0xa6ae57b1da8238cd149bc718c40578e4620b752c,31300266037020029845526,72.463178542971427396,22.150084149364013513,-340,-280,72
19954044,2024-05-26 17:26:23,0xe2c1067b3ec33f7a66b4e483c882b144307227abe22de8c0155ce8fcbc7e5480,0xc36442b4a4522e871399cd717abdd847ab11fe88,0xe6d7f4b65c774395d0d82aabb15c75991628cb14,254744216176586859540493,129.776256320740255071,0,-380,-370,227
19796178,2024-05-04 15:34:35,0xe40be34934906f2ccac5c4bc438544cd17330cae9475e923d24c7ab39b0f7a6e,0xc36442b4a4522e871399cd717abdd847ab11fe88,0x94f2a8cbf632fbeb0c986850c562a4cb23319054,67611421475156756200811,4.181307795932466025,29.172067664233980251,-360,-350,205
19395974,2024-03-09 12:13:23,0xe48daf5ef2a4ae9a5dc46e843ff0cd8dd0223b503fecf8a0047ac5d7b738e056,0xc36442b4a4522e871399cd717abdd847ab11fe88,0xb369b35bcf48257f5cc0ad688350dae80bbc994a,137457371828831328502160,0,67.651360505653431136,-320,-310,11
19822770,2024-05-08 08:49:59,0xe66ce845729572b57b06a112ff2d87273d262aaa05cfe321954a06a47fc7e8de,0xc36442b4a4522e871399cd717abdd847ab11fe88,0xbbbf04aae21a04408a8b5e54d4030f8cd55c9ec6,410505279880994169347380,208.917771214216015504,0,-360,-350,148
19672700,2024-04-17 09:06:59,0xe7461c9aab65aa55b00d7cdb19042eedc666bec0dea0b26c9b1845c608daa53a,0xc36442b4a4522e871399cd717abdd847ab11fe88,0x43e9fa7a60f80711c9d3afe4ce1bb3e8c3f7a9b8,1,0,0,-370,-310,47
19672700,2024-04-17 09:06:59,0xe7461c9aab65aa55b00d7cdb19042eedc666bec0dea0b26c9b1845c608daa53a,0xc36442b4a4522e871399cd717abdd847ab11fe88,0x43e9fa7a60f80711c9d3afe4ce1bb3e8c3f7a9b8,0,0,0,-370,-310,49
19672700,2024-04-17 09:06:59,0xe7461c9aab65aa55b00d7cdb19042eedc666bec0dea0b26c9b1845c608daa53a,0xc36442b4a4522e871399cd717abdd847ab11fe88,0x43e9fa7a60f80711c9d3afe4ce1bb3e8c3f7a9b8,1,0,0,-360,-330,55
19672700,2024-04-17 09:06:59,0xe7461c9aab65aa55b00d7cdb19042eedc666bec0dea0b26c9b1845c608daa53a,0xc36442b4a4522e871399cd717abdd847ab11fe88,0x43e9fa7a60f80711c9d3afe4ce1bb3e8c3f7a9b8,0,0,0,-360,-330,57
19159055,2024-02-05 07:18:35,0xe77a10cd5ee705740f52b8f1593e5a70c206043815b8ce6e3de66457e519fa3e,0x6b75d8af000000e20b7a7ddf000ba900b4009a80,0xae2fc483527b8ef99eb5d9b44875f005ba1fae13,252719448616849062756352,110.964107465988558372,16.938838365402450966,-340,-330,80
19906729,2024-05-20 02:40:47,0xeab2704ea48795a41820b4c6cd363115748c07c5b92e4d9a202fd8cd76e7ed5c,0xc36442b4a4522e871399cd717abdd847ab11fe88,0xb8bba950391d86df52a0dc05ea89c6e7dae88bdb,63013402899942503312878,42.77478955848219255,20.620470948007418784,-380,-360,226
19470968,2024-03-20 00:47:23,0xec1281ac37890e72c52477c1a04ccc1bfff6b23ed0e8ea8eabee0a140411a421,0x6b75d8af000000e20b7a7ddf000ba900b4009a80,0xae2fc483527b8ef99eb5d9b44875f005ba1fae13,1167295123653243403501568,366.257011411814944325,219.732778489762601518,-350,-340,71
19880960,2024-05-16 12:10:47,0xece863ad990ac6de78325dcb2622a756157ec5038fbd00eec17b20801e62905d,0xc36442b4a4522e871399cd717abdd847ab11fe88,0xe6d7f4b65c774395d0d82aabb15c75991628cb14,202732465011928558526673,110.729706203041941346,92.249376942963726209,-380,-360,65
19615811,2024-04-09 09:49:11,0xf2881fb1d4f5562b06e8f0dfcfa42c62da5d47b5a72358c60b642ab8edd44084,0xc36442b4a4522e871399cd717abdd847ab11fe88,0x43e9fa7a60f80711c9d3afe4ce1bb3e8c3f7a9b8,1,0,0,-370,-310,80
19615811,2024-04-09 09:49:11,0xf2881fb1d4f5562b06e8f0dfcfa42c62da5d47b5a72358c60b642ab8edd44084,0xc36442b4a4522e871399cd717abdd847ab11fe88,0x43e9fa7a60f80711c9d3afe4ce1bb3e8c3f7a9b8,0,0,0,-370,-310,82
19615811,2024-04-09 09:49:11,0xf2881fb1d4f5562b06e8f0dfcfa42c62da5d47b5a72358c60b642ab8edd44084,0xc36442b4a4522e871399cd717abdd847ab11fe88,0x43e9fa7a60f80711c9d3afe4ce1bb3e8c3f7a9b8,1,0,0,-360,-330,88
19615811,2024-04-09 09:49:11,0xf2881fb1d4f5562b06e8f0dfcfa42c62da5d47b5a72358c60b642ab8edd44084,0xc36442b4a4522e871399cd717abdd847ab11fe88,0x43e9fa7a60f80711c9d3afe4ce1bb3e8c3f7a9b8,0,0,0,-360,-330,90
19937450,2024-05-24 09:47:35,0xf41947c7269c5434da2c9dac4b101d37ceb92d335620b8b3dcb1983cbfc9b578,0xc36442b4a4522e871399cd717abdd847ab11fe88,0x43e9fa7a60f80711c9d3afe4ce1bb3e8c3f7a9b8,1,0,0,-390,-330,44
19937450,2024-05-24 09:47:35,0xf41947c7269c5434da2c9dac4b101d37ceb92d335620b8b3dcb1983cbfc9b578,0xc36442b4a4522e871399cd717abdd847ab11fe88,0x43e9fa7a60f80711c9d3afe4ce1bb3e8c3f7a9b8,0,0,0,-390,-330,46
19937450,2024-05-24 09:47:35,0xf41947c7269c5434da2c9dac4b101d37ceb92d335620b8b3dcb1983cbfc9b578,0xc36442b4a4522e871399cd717abdd847ab11fe88,0x43e9fa7a60f80711c9d3afe4ce1bb3e8c3f7a9b8,1,0,0,-380,-350,52
19937450,2024-05-24 09:47:35,0xf41947c7269c5434da2c9dac4b101d37ceb92d335620b8b3dcb1983cbfc9b578,0xc36442b4a4522e871399cd717abdd847ab11fe88,0x43e9fa7a60f80711c9d3afe4ce1bb3e8c3f7a9b8,0,0,0,-380,-350,54
19197853,2024-02-10 17:57:47,0xf4ff63ddfc7eb9558928dee904024c326ef152b154c9ef23a836c50a924ab66e,0x0d3c2261747b2079f6abd459642421a8087aead5,0x4f80b2cd1f550f81581c15f690bdd623f3824c86,14151331559972559311314,9.573983822325450225,4.655055574229405379,-350,-330,114
19146821,2024-02-03 14:04:35,0xf678768a5df233bd1f1dae686b9e858ac3ab1afd0382cf899965319edd83e6da,0x0d3c2261747b2079f6abd459642421a8087aead5,0x4f80b2cd1f550f81581c15f690bdd623f3824c86,25584030978805103235916,16.315299671554446357,9.375731597974518054,-350,-330,64
19942505,2024-05-25 02:44:59,0xf787b0e15fc0e08b01fd06282e1ddbf5eed722bdae6f75b4e301d3739fd987e3,0xc36442b4a4522e871399cd717abdd847ab11fe88,0x43e9fa7a60f80711c9d3afe4ce1bb3e8c3f7a9b8,3768176784919898747514205,10333.271220136524556028,1131.368803992910761557,-390,-330,4
19942505,2024-05-25 02:44:59,0xf787b0e15fc0e08b01fd06282e1ddbf5eed722bdae6f75b4e301d3739fd987e3,0xc36442b4a4522e871399cd717abdd847ab11fe88,0x43e9fa7a60f80711c9d3afe4ce1bb3e8c3f7a9b8,10835146845696079461422227,16551.214441659537464123,0,-380,-350,16
19134803,2024-02-01 21:35:23,0xf8c553ca146811bf9f27e63becaa36974c7ac66139681fe55223c43e6f8f132e,0xb0000000aa4f00af1200c8b2befb6300853f0069,0xefae7395c20eb28f4f9810e8688a5ea79e1e24ed,145436824028933767689355,73.684610356502786123,0,-270,-260,16
19908836,2024-05-20 09:44:35,0xfd48ea58a95251fdd83cec426b895939f736d0be7ef85fcfda2305804f1bc67c,0xc36442b4a4522e871399cd717abdd847ab11fe88,0x43e9fa7a60f80711c9d3afe4ce1bb3e8c3f7a9b8,1,0,0,-390,-330,88
19908836,2024-05-20 09:44:35,0xfd48ea58a95251fdd83cec426b895939f736d0be7ef85fcfda2305804f1bc67c,0xc36442b4a4522e871399cd717abdd847ab11fe88,0x43e9fa7a60f80711c9d3afe4ce1bb3e8c3f7a9b8,0,0,0,-390,-330,90
19908836,2024-05-20 09:44:35,0xfd48ea58a95251fdd83cec426b895939f736d0be7ef85fcfda2305804f1bc67c,0xc36442b4a4522e871399cd717abdd847ab11fe88,0x43e9fa7a60f80711c9d3afe4ce1bb3e8c3f7a9b8,1,0,0,-380,-350,96
19908836,2024-05-20 09:44:35,0xfd48ea58a95251fdd83cec426b895939f736d0be7ef85fcfda2305804f1bc67c,0xc36442b4a4522e871399cd717abdd847ab11fe88,0x43e9fa7a60f80711c9d3afe4ce1bb3e8c3f7a9b8,0,0,0,-380,-350,98
19623000,2024-04-10 09:59:23,0xfe764f29957a25230e622ad39bbce46018e67542489c4df5e30f38acde3c1851,0xc36442b4a4522e871399cd717abdd847ab11fe88,0x43e9fa7a60f80711c9d3afe4ce1bb3e8c3f7a9b8,1,0,0,-370,-310,71
19623000,2024-04-10 09:59:23,0xfe764f29957a25230e622ad39bbce46018e67542489c4df5e30f38acde3c1851,0xc36442b4a4522e871399cd717abdd847ab11fe88,0x43e9fa7a60f80711c9d3afe4ce1bb3e8c3f7a9b8,0,0,0,-370,-310,73
19623000,2024-04-10 09:59:23,0xfe764f29957a25230e622ad39bbce46018e67542489c4df5e30f38acde3c1851,0xc36442b4a4522e871399cd717abdd847ab11fe88,0x43e9fa7a60f80711c9d3afe4ce1bb3e8c3f7a9b8,1,0,0,-360,-330,79
19623000,2024-04-10 09:59:23,0xfe764f29957a25230e622ad39bbce46018e67542489c4df5e30f38acde3c1851,0xc36442b4a4522e871399cd717abdd847ab11fe88,0x43e9fa7a60f80711c9d3afe4ce1bb3e8c3f7a9b8,0,0,0,-360,-330,81
