,,position_key,liquidity_provider,tick_lower,tick_upper,_liquidity_raw,feeGrowthInside0LastX128,feeGrowthInside1LastX128,tokensOwed0_raw,tokensOwed1_raw
0,0x330997E70b83f1a562490FCaA5996314fA5a971a_69060_80040,0x330997E70b83f1a562490FCaA5996314fA5a971a_69060_80040,0x330997E70b83f1a562490FCaA5996314fA5a971a,69060,80040,38075574507606840000000,247788224860539790182481396796332,112541665980520486195964660173427616,0,0
0,0x330997E70b83f1a562490FCaA5996314fA5a971a_69060_76500,0x330997E70b83f1a562490FCaA5996314fA5a971a_69060_76500,0x330997E70b83f1a562490FCaA5996314fA5a971a,69060,76500,38075574507606840000,228474768019242068269615793851451,89500003206509465947950097034435479,0,0
0,0x330997E70b83f1a562490FCaA5996314fA5a971a_75480_80040,0x330997E70b83f1a562490FCaA5996314fA5a971a_75480_80040,0x330997E70b83f1a562490FCaA5996314fA5a971a,75480,80040,61041383501865165000,0,0,0,0
0,0x330997E70b83f1a562490FCaA5996314fA5a971a_72720_78420,0x330997E70b83f1a562490FCaA5996314fA5a971a_72720_78420,0x330997E70b83f1a562490FCaA5996314fA5a971a,72720,78420,0,0,4835009175281771819715947390841196,0,0
0,0x330997E70b83f1a562490FCaA5996314fA5a971a_72780_78420,0x330997E70b83f1a562490FCaA5996314fA5a971a_72780_78420,0x330997E70b83f1a562490FCaA5996314fA5a971a,72780,78420,0,13697562624685905291634092385626,0,0,0
0,0x330997E70b83f1a562490FCaA5996314fA5a971a_72660_78300,0x330997E70b83f1a562490FCaA5996314fA5a971a_72660_78300,0x330997E70b83f1a562490FCaA5996314fA5a971a,72660,78300,0,0,11559049161622207932045032084797784,0,0
0,0x330997E70b83f1a562490FCaA5996314fA5a971a_72780_78540,0x330997E70b83f1a562490FCaA5996314fA5a971a_72780_78540,0x330997E70b83f1a562490FCaA5996314fA5a971a,72780,78540,0,18424419739217243880935697329595,0,0,0
0,0x330997E70b83f1a562490FCaA5996314fA5a971a_73020_78420,0x330997E70b83f1a562490FCaA5996314fA5a971a_73020_78420,0x330997E70b83f1a562490FCaA5996314fA5a971a,73020,78420,0,2141241873519412888359327114441,0,0,0
0,0x330997E70b83f1a562490FCaA5996314fA5a971a_72660_78480,0x330997E70b83f1a562490FCaA5996314fA5a971a_72660_78480,0x330997E70b83f1a562490FCaA5996314fA5a971a,72660,78480,0,37539453631536189353311885199675,25110231325430109842773178790262997,0,0
0,0x330997E70b83f1a562490FCaA5996314fA5a971a_72780_78480,0x330997E70b83f1a562490FCaA5996314fA5a971a_72780_78480,0x330997E70b83f1a562490FCaA5996314fA5a971a,72780,78480,0,0,10842879468066175542807494492716342,0,0
0,0x330997E70b83f1a562490FCaA5996314fA5a971a_73200_78780,0x330997E70b83f1a562490FCaA5996314fA5a971a_73200_78780,0x330997E70b83f1a562490FCaA5996314fA5a971a,73200,78780,0,21506538918501029124620008569822,0,0,0
0,0x330997E70b83f1a562490FCaA5996314fA5a971a_72540_78180,0x330997E70b83f1a562490FCaA5996314fA5a971a_72540_78180,0x330997E70b83f1a562490FCaA5996314fA5a971a,72540,78180,0,134982716631683223120040670773038,43877422064962904644421188330360528,0,0
0,0x330997E70b83f1a562490FCaA5996314fA5a971a_72600_78000,0x330997E70b83f1a562490FCaA5996314fA5a971a_72600_78000,0x330997E70b83f1a562490FCaA5996314fA5a971a,72600,78000,0,0,11733787734991514436659915952200297,0,0
0,0x330997E70b83f1a562490FCaA5996314fA5a971a_72720_78720,0x330997E70b83f1a562490FCaA5996314fA5a971a_72720_78720,0x330997E70b83f1a562490FCaA5996314fA5a971a,72720,78720,0,13559958107814219114608280801300,0,0,0
0,0x330997E70b83f1a562490FCaA5996314fA5a971a_72600_78780,0x330997E70b83f1a562490FCaA5996314fA5a971a_72600_78780,0x330997E70b83f1a562490FCaA5996314fA5a971a,72600,78780,0,0,9087855316833393954518037577649577,0,0
0,0x330997E70b83f1a562490FCaA5996314fA5a971a_73020_78720,0x330997E70b83f1a562490FCaA5996314fA5a971a_73020_78720,0x330997E70b83f1a562490FCaA5996314fA5a971a,73020,78720,0,0,17642312615166759064843486768163162,0,0
0,0x330997E70b83f1a562490FCaA5996314fA5a971a_73020_78960,0x330997E70b83f1a562490FCaA5996314fA5a971a_73020_78960,0x330997E70b83f1a562490FCaA5996314fA5a971a,73020,78960,0,24621603735424110240904498301373,17642312615166759064843486768163162,0,0
0,0x330997E70b83f1a562490FCaA5996314fA5a971a_72720_78360,0x330997E70b83f1a562490FCaA5996314fA5a971a_72720_78360,0x330997E70b83f1a562490FCaA5996314fA5a971a,72720,78360,0,15143785404779954620042624237937,0,0,0
0,0x330997E70b83f1a562490FCaA5996314fA5a971a_72660_78120,0x330997E70b83f1a562490FCaA5996314fA5a971a_72660_78120,0x330997E70b83f1a562490FCaA5996314fA5a971a,72660,78120,0,13966504248352772149958920534517,0,0,0
0,0x330997E70b83f1a562490FCaA5996314fA5a971a_72720_78300,0x330997E70b83f1a562490FCaA5996314fA5a971a_72720_78300,0x330997E70b83f1a562490FCaA5996314fA5a971a,72720,78300,0,0,3156448601287479145628016281841306,0,0
0,0x330997E70b83f1a562490FCaA5996314fA5a971a_72720_78240,0x330997E70b83f1a562490FCaA5996314fA5a971a_72720_78240,0x330997E70b83f1a562490FCaA5996314fA5a971a,72720,78240,0,0,7776587290416946075587957010566893,0,0
0,0x330997E70b83f1a562490FCaA5996314fA5a971a_72780_78660,0x330997E70b83f1a562490FCaA5996314fA5a971a_72780_78660,0x330997E70b83f1a562490FCaA5996314fA5a971a,72780,78660,0,12248937089567837427660218576862,0,0,0
0,0x330997E70b83f1a562490FCaA5996314fA5a971a_72960_78420,0x330997E70b83f1a562490FCaA5996314fA5a971a_72960_78420,0x330997E70b83f1a562490FCaA5996314fA5a971a,72960,78420,0,0,2536311152652221157557531728329063,0,0
0,0x330997E70b83f1a562490FCaA5996314fA5a971a_72960_78600,0x330997E70b83f1a562490FCaA5996314fA5a971a_72960_78600,0x330997E70b83f1a562490FCaA5996314fA5a971a,72960,78600,0,0,8357442071042004353576544508850430,0,0
0,0x330997E70b83f1a562490FCaA5996314fA5a971a_72480_78180,0x330997E70b83f1a562490FCaA5996314fA5a971a_72480_78180,0x330997E70b83f1a562490FCaA5996314fA5a971a,72480,78180,0,0,11445871887923689416886715512835075,0,0
0,0x330997E70b83f1a562490FCaA5996314fA5a971a_72240_78300,0x330997E70b83f1a562490FCaA5996314fA5a971a_72240_78300,0x330997E70b83f1a562490FCaA5996314fA5a971a,72240,78300,0,13014554634673561698605791876639,0,0,0
0,0x330997E70b83f1a562490FCaA5996314fA5a971a_72000_78420,0x330997E70b83f1a562490FCaA5996314fA5a971a_72000_78420,0x330997E70b83f1a562490FCaA5996314fA5a971a,72000,78420,0,11465815316896121051717751278888,0,0,0
0,0x330997E70b83f1a562490FCaA5996314fA5a971a_71640_78420,0x330997E70b83f1a562490FCaA5996314fA5a971a_71640_78420,0x330997E70b83f1a562490FCaA5996314fA5a971a,71640,78420,0,15621745172109877541880265775981,0,0,0
0,0x330997E70b83f1a562490FCaA5996314fA5a971a_71580_78420,0x330997E70b83f1a562490FCaA5996314fA5a971a_71580_78420,0x330997E70b83f1a562490FCaA5996314fA5a971a,71580,78420,0,19259917042780721197069702466229,0,0,0
0,0x330997E70b83f1a562490FCaA5996314fA5a971a_71520_78480,0x330997E70b83f1a562490FCaA5996314fA5a971a_71520_78480,0x330997E70b83f1a562490FCaA5996314fA5a971a,71520,78480,0,668617097208940847300136415342013,379791455463316568705897492336841479,0,0
0,0x330997E70b83f1a562490FCaA5996314fA5a971a_71460_78480,0x330997E70b83f1a562490FCaA5996314fA5a971a_71460_78480,0x330997E70b83f1a562490FCaA5996314fA5a971a,71460,78480,0,4067395957408550183533318310925,0,0,0
0,0x330997E70b83f1a562490FCaA5996314fA5a971a_71340_78540,0x330997E70b83f1a562490FCaA5996314fA5a971a_71340_78540,0x330997E70b83f1a562490FCaA5996314fA5a971a,71340,78540,0,14898846734816090752060146104736,0,0,0
0,0x330997E70b83f1a562490FCaA5996314fA5a971a_71340_78480,0x330997E70b83f1a562490FCaA5996314fA5a971a_71340_78480,0x330997E70b83f1a562490FCaA5996314fA5a971a,71340,78480,0,5494857970810005937669418623589,0,0,0
0,0x330997E70b83f1a562490FCaA5996314fA5a971a_71400_78420,0x330997E70b83f1a562490FCaA5996314fA5a971a_71400_78420,0x330997E70b83f1a562490FCaA5996314fA5a971a,71400,78420,0,0,6451973371042376366391375037977334,0,0
0,0x330997E70b83f1a562490FCaA5996314fA5a971a_72900_77280,0x330997E70b83f1a562490FCaA5996314fA5a971a_72900_77280,0x330997E70b83f1a562490FCaA5996314fA5a971a,72900,77280,0,0,21019414942754155199810953294924634,0,0
0,0x330997E70b83f1a562490FCaA5996314fA5a971a_73080_77100,0x330997E70b83f1a562490FCaA5996314fA5a971a_73080_77100,0x330997E70b83f1a562490FCaA5996314fA5a971a,73080,77100,0,0,28457679521508928523030529122870653,0,0
0,0x330997E70b83f1a562490FCaA5996314fA5a971a_73140_77040,0x330997E70b83f1a562490FCaA5996314fA5a971a_73140_77040,0x330997E70b83f1a562490FCaA5996314fA5a971a,73140,77040,0,0,45276852651505527673459332156903346,0,0
0,0x330997E70b83f1a562490FCaA5996314fA5a971a_73500_76920,0x330997E70b83f1a562490FCaA5996314fA5a971a_73500_76920,0x330997E70b83f1a562490FCaA5996314fA5a971a,73500,76920,0,21534899258313476772607261952367,0,0,0
0,0x330997E70b83f1a562490FCaA5996314fA5a971a_73560_76860,0x330997E70b83f1a562490FCaA5996314fA5a971a_73560_76860,0x330997E70b83f1a562490FCaA5996314fA5a971a,73560,76860,0,0,43067060671516492825590357284494380,0,0
0,0x330997E70b83f1a562490FCaA5996314fA5a971a_73680_76800,0x330997E70b83f1a562490FCaA5996314fA5a971a_73680_76800,0x330997E70b83f1a562490FCaA5996314fA5a971a,73680,76800,0,1936397370776466178826503965737,0,0,0
0,0x330997E70b83f1a562490FCaA5996314fA5a971a_73740_76740,0x330997E70b83f1a562490FCaA5996314fA5a971a_73740_76740,0x330997E70b83f1a562490FCaA5996314fA5a971a,73740,76740,0,1117173005640155686950513574074813,908495924542421020388940398100017882,0,0
0,0x330997E70b83f1a562490FCaA5996314fA5a971a_73740_76680,0x330997E70b83f1a562490FCaA5996314fA5a971a_73740_76680,0x330997E70b83f1a562490FCaA5996314fA5a971a,73740,76680,0,1135294751548126280880060076055925,908495924542421020388940398100017882,0,0
0,0x330997E70b83f1a562490FCaA5996314fA5a971a_73800_76440,0x330997E70b83f1a562490FCaA5996314fA5a971a_73800_76440,0x330997E70b83f1a562490FCaA5996314fA5a971a,73800,76440,0,0,45357210694591231813027079504253146,0,0
0,0x330997E70b83f1a562490FCaA5996314fA5a971a_73800_76380,0x330997E70b83f1a562490FCaA5996314fA5a971a_73800_76380,0x330997E70b83f1a562490FCaA5996314fA5a971a,73800,76380,0,7722246017385280582501639294996,0,0,0
0,0x330997E70b83f1a562490FCaA5996314fA5a971a_73680_76200,0x330997E70b83f1a562490FCaA5996314fA5a971a_73680_76200,0x330997E70b83f1a562490FCaA5996314fA5a971a,73680,76200,0,0,31383541698783215672943677068913785,0,0
0,0x330997E70b83f1a562490FCaA5996314fA5a971a_73440_76140,0x330997E70b83f1a562490FCaA5996314fA5a971a_73440_76140,0x330997E70b83f1a562490FCaA5996314fA5a971a,73440,76140,0,911133966156330461807309775869407,1078582488425945197090547750060748364,0,0
0,0x330997E70b83f1a562490FCaA5996314fA5a971a_73320_76080,0x330997E70b83f1a562490FCaA5996314fA5a971a_73320_76080,0x330997E70b83f1a562490FCaA5996314fA5a971a,73320,76080,0,0,46139672776488583232765763741525171,0,0
0,0x330997E70b83f1a562490FCaA5996314fA5a971a_73260_76080,0x330997E70b83f1a562490FCaA5996314fA5a971a_73260_76080,0x330997E70b83f1a562490FCaA5996314fA5a971a,73260,76080,0,134219176022361054247279637927541,753508901249722891420473235508390606,0,0
0,0x330997E70b83f1a562490FCaA5996314fA5a971a_73020_76080,0x330997E70b83f1a562490FCaA5996314fA5a971a_73020_76080,0x330997E70b83f1a562490FCaA5996314fA5a971a,73020,76080,0,20458657899778607609616474164701,0,0,0
0,0x330997E70b83f1a562490FCaA5996314fA5a971a_72900_76080,0x330997E70b83f1a562490FCaA5996314fA5a971a_72900_76080,0x330997E70b83f1a562490FCaA5996314fA5a971a,72900,76080,0,29891426233678653677724609594415,165038057195815958758907235127768875,0,0
0,0x330997E70b83f1a562490FCaA5996314fA5a971a_72780_76080,0x330997E70b83f1a562490FCaA5996314fA5a971a_72780_76080,0x330997E70b83f1a562490FCaA5996314fA5a971a,72780,76080,0,17025681625322065163344115591352,0,0,0
0,0x330997E70b83f1a562490FCaA5996314fA5a971a_72660_76080,0x330997E70b83f1a562490FCaA5996314fA5a971a_72660_76080,0x330997E70b83f1a562490FCaA5996314fA5a971a,72660,76080,0,5852252520792947785243289421844,0,0,0
0,0x330997E70b83f1a562490FCaA5996314fA5a971a_72540_76020,0x330997E70b83f1a562490FCaA5996314fA5a971a_72540_76020,0x330997E70b83f1a562490FCaA5996314fA5a971a,72540,76020,0,21444742274942554086845268311554,0,0,0
0,0x330997E70b83f1a562490FCaA5996314fA5a971a_72360_75960,0x330997E70b83f1a562490FCaA5996314fA5a971a_72360_75960,0x330997E70b83f1a562490FCaA5996314fA5a971a,72360,75960,0,935073826180121811862152498433955,1144512772135625231635909516294720930,0,0
0,0x330997E70b83f1a562490FCaA5996314fA5a971a_72180_75900,0x330997E70b83f1a562490FCaA5996314fA5a971a_72180_75900,0x330997E70b83f1a562490FCaA5996314fA5a971a,72180,75900,0,7726853690156195923048766434968,0,0,0
0,0x330997E70b83f1a562490FCaA5996314fA5a971a_72000_75840,0x330997E70b83f1a562490FCaA5996314fA5a971a_72000_75840,0x330997E70b83f1a562490FCaA5996314fA5a971a,72000,75840,0,0,30454730650007311155933800441338275,0,0
0,0x330997E70b83f1a562490FCaA5996314fA5a971a_71880_75780,0x330997E70b83f1a562490FCaA5996314fA5a971a_71880_75780,0x330997E70b83f1a562490FCaA5996314fA5a971a,71880,75780,0,4915688592063945121098954011770,0,0,0
0,0x330997E70b83f1a562490FCaA5996314fA5a971a_71100_75540,0x330997E70b83f1a562490FCaA5996314fA5a971a_71100_75540,0x330997E70b83f1a562490FCaA5996314fA5a971a,71100,75540,0,0,38556005745387921360857276931459564,0,0
0,0x330997E70b83f1a562490FCaA5996314fA5a971a_70920_75480,0x330997E70b83f1a562490FCaA5996314fA5a971a_70920_75480,0x330997E70b83f1a562490FCaA5996314fA5a971a,70920,75480,0,115792089237316195423570985008687907853269983877340280063364912503669624725226,115792089237316195423570985008687907853269592599437741804768597957273414589767,0,0
0,0x330997E70b83f1a562490FCaA5996314fA5a971a_70680_75420,0x330997E70b83f1a562490FCaA5996314fA5a971a_70680_75420,0x330997E70b83f1a562490FCaA5996314fA5a971a,70680,75420,0,1008188655605059298698877485956357,1381705827143344955183727272187448815,0,0
0,0x330997E70b83f1a562490FCaA5996314fA5a971a_70260_75360,0x330997E70b83f1a562490FCaA5996314fA5a971a_70260_75360,0x330997E70b83f1a562490FCaA5996314fA5a971a,70260,75360,0,86661335680378823165169539476538,269066702148354621118127860738607188,0,0
0,0x330997E70b83f1a562490FCaA5996314fA5a971a_70080_75300,0x330997E70b83f1a562490FCaA5996314fA5a971a_70080_75300,0x330997E70b83f1a562490FCaA5996314fA5a971a,70080,75300,0,0,0,0,0
0,0x330997E70b83f1a562490FCaA5996314fA5a971a_69420_75240,0x330997E70b83f1a562490FCaA5996314fA5a971a_69420_75240,0x330997E70b83f1a562490FCaA5996314fA5a971a,69420,75240,0,0,0,0,0
0,0x330997E70b83f1a562490FCaA5996314fA5a971a_69240_75180,0x330997E70b83f1a562490FCaA5996314fA5a971a_69240_75180,0x330997E70b83f1a562490FCaA5996314fA5a971a,69240,75180,0,0,0,0,0
0,0x330997E70b83f1a562490FCaA5996314fA5a971a_69060_75180,0x330997E70b83f1a562490FCaA5996314fA5a971a_69060_75180,0x330997E70b83f1a562490FCaA5996314fA5a971a,69060,75180,0,1801701394804401494217016073773767,1892998088629177114276566871016614811,0,0
0,0x330997E70b83f1a562490FCaA5996314fA5a971a_68940_75180,0x330997E70b83f1a562490FCaA5996314fA5a971a_68940_75180,0x330997E70b83f1a562490FCaA5996314fA5a971a,68940,75180,0,0,0,0,0
0,0x330997E70b83f1a562490FCaA5996314fA5a971a_68820_75180,0x330997E70b83f1a562490FCaA5996314fA5a971a_68820_75180,0x330997E70b83f1a562490FCaA5996314fA5a971a,68820,75180,0,0,0,0,0
0,0x330997E70b83f1a562490FCaA5996314fA5a971a_68700_75120,0x330997E70b83f1a562490FCaA5996314fA5a971a_68700_75120,0x330997E70b83f1a562490FCaA5996314fA5a971a,68700,75120,0,0,0,0,0
0,0x330997E70b83f1a562490FCaA5996314fA5a971a_68580_75120,0x330997E70b83f1a562490FCaA5996314fA5a971a_68580_75120,0x330997E70b83f1a562490FCaA5996314fA5a971a,68580,75120,0,86481644922871301995270357114829,399847330508142501617996181001316185,0,0
0,0x330997E70b83f1a562490FCaA5996314fA5a971a_68400_75120,0x330997E70b83f1a562490FCaA5996314fA5a971a_68400_75120,0x330997E70b83f1a562490FCaA5996314fA5a971a,68400,75120,0,0,0,0,0
0,0x330997E70b83f1a562490FCaA5996314fA5a971a_72000_77100,0x330997E70b83f1a562490FCaA5996314fA5a971a_72000_77100,0x330997E70b83f1a562490FCaA5996314fA5a971a,72000,77100,0,16205210289330579706767748683724,0,0,0
0,0x330997E70b83f1a562490FCaA5996314fA5a971a_71820_76920,0x330997E70b83f1a562490FCaA5996314fA5a971a_71820_76920,0x330997E70b83f1a562490FCaA5996314fA5a971a,71820,76920,0,0,38310137837478454933861419564126207,0,0
0,0x330997E70b83f1a562490FCaA5996314fA5a971a_72240_77580,0x330997E70b83f1a562490FCaA5996314fA5a971a_72240_77580,0x330997E70b83f1a562490FCaA5996314fA5a971a,72240,77580,0,11427702734925250130176959937995,0,0,0
0,0x330997E70b83f1a562490FCaA5996314fA5a971a_71940_77460,0x330997E70b83f1a562490FCaA5996314fA5a971a_71940_77460,0x330997E70b83f1a562490FCaA5996314fA5a971a,71940,77460,0,20843357196252355514130559856016,0,0,0
0,0x330997E70b83f1a562490FCaA5996314fA5a971a_71700_77340,0x330997E70b83f1a562490FCaA5996314fA5a971a_71700_77340,0x330997E70b83f1a562490FCaA5996314fA5a971a,71700,77340,0,0,37017344652639643589659435745492828,0,0
0,0x330997E70b83f1a562490FCaA5996314fA5a971a_71460_77220,0x330997E70b83f1a562490FCaA5996314fA5a971a_71460_77220,0x330997E70b83f1a562490FCaA5996314fA5a971a,71460,77220,0,64276668915807667014290927907598,100651314570253764124552787751088320,0,0
0,0x330997E70b83f1a562490FCaA5996314fA5a971a_72420_77580,0x330997E70b83f1a562490FCaA5996314fA5a971a_72420_77580,0x330997E70b83f1a562490FCaA5996314fA5a971a,72420,77580,0,0,42881203201859974977528330014883054,0,0
0,0x330997E70b83f1a562490FCaA5996314fA5a971a_72060_77640,0x330997E70b83f1a562490FCaA5996314fA5a971a_72060_77640,0x330997E70b83f1a562490FCaA5996314fA5a971a,72060,77640,0,1409042473945913713609102854382037,2347634605642699829941169524253218339,0,0
0,0x330997E70b83f1a562490FCaA5996314fA5a971a_70920_77400,0x330997E70b83f1a562490FCaA5996314fA5a971a_70920_77400,0x330997E70b83f1a562490FCaA5996314fA5a971a,70920,77400,0,0,21164280549378961601025384109247664,0,0
0,0x330997E70b83f1a562490FCaA5996314fA5a971a_70680_77340,0x330997E70b83f1a562490FCaA5996314fA5a971a_70680_77340,0x330997E70b83f1a562490FCaA5996314fA5a971a,70680,77340,0,1462693902371820772498609429252770,2457790313513486353687564823197767747,0,0
0,0x330997E70b83f1a562490FCaA5996314fA5a971a_69840_76800,0x330997E70b83f1a562490FCaA5996314fA5a971a_69840_76800,0x330997E70b83f1a562490FCaA5996314fA5a971a,69840,76800,0,14777646867041505064247481494489,0,0,0
0,0x330997E70b83f1a562490FCaA5996314fA5a971a_69000_76020,0x330997E70b83f1a562490FCaA5996314fA5a971a_69000_76020,0x330997E70b83f1a562490FCaA5996314fA5a971a,69000,76020,0,1869427044827405204913402966965272,2799577358226912104009098365785830607,0,0
0,0x330997E70b83f1a562490FCaA5996314fA5a971a_68880_75900,0x330997E70b83f1a562490FCaA5996314fA5a971a_68880_75900,0x330997E70b83f1a562490FCaA5996314fA5a971a,68880,75900,0,0,4175826230526232661441797729713079,0,0
0,0x330997E70b83f1a562490FCaA5996314fA5a971a_68700_75660,0x330997E70b83f1a562490FCaA5996314fA5a971a_68700_75660,0x330997E70b83f1a562490FCaA5996314fA5a971a,68700,75660,0,18986291892899574408184912639680,0,0,0
0,0x330997E70b83f1a562490FCaA5996314fA5a971a_73020_78000,0x330997E70b83f1a562490FCaA5996314fA5a971a_73020_78000,0x330997E70b83f1a562490FCaA5996314fA5a971a,73020,78000,0,18421135775862544134355890492287,0,0,0
0,0x330997E70b83f1a562490FCaA5996314fA5a971a_73200_78180,0x330997E70b83f1a562490FCaA5996314fA5a971a_73200_78180,0x330997E70b83f1a562490FCaA5996314fA5a971a,73200,78180,0,6473726470711044586536739380313,0,0,0
0,0x330997E70b83f1a562490FCaA5996314fA5a971a_73620_78420,0x330997E70b83f1a562490FCaA5996314fA5a971a_73620_78420,0x330997E70b83f1a562490FCaA5996314fA5a971a,73620,78420,0,21489316859502824915200212652384,0,0,0
0,0x330997E70b83f1a562490FCaA5996314fA5a971a_73980_78600,0x330997E70b83f1a562490FCaA5996314fA5a971a_73980_78600,0x330997E70b83f1a562490FCaA5996314fA5a971a,73980,78600,0,12607893965002483818083131861618,0,0,0
0,0x330997E70b83f1a562490FCaA5996314fA5a971a_74280_78900,0x330997E70b83f1a562490FCaA5996314fA5a971a_74280_78900,0x330997E70b83f1a562490FCaA5996314fA5a971a,74280,78900,0,51020664218288403464560445952953,44477303491737700778580497619984886,0,0
0,0x330997E70b83f1a562490FCaA5996314fA5a971a_74340_78960,0x330997E70b83f1a562490FCaA5996314fA5a971a_74340_78960,0x330997E70b83f1a562490FCaA5996314fA5a971a,74340,78960,0,1790808129119165635332005907508513,2781813123275074725340567483764918555,0,0
0,0x330997E70b83f1a562490FCaA5996314fA5a971a_73920_78900,0x330997E70b83f1a562490FCaA5996314fA5a971a_73920_78900,0x330997E70b83f1a562490FCaA5996314fA5a971a,73920,78900,0,22417872448813403845537827226827,0,0,0
0,0x330997E70b83f1a562490FCaA5996314fA5a971a_73740_78840,0x330997E70b83f1a562490FCaA5996314fA5a971a_73740_78840,0x330997E70b83f1a562490FCaA5996314fA5a971a,73740,78840,0,2023016411767958733482139674233783,2919812025043685514943348610532647596,0,0
0,0x330997E70b83f1a562490FCaA5996314fA5a971a_73320_78720,0x330997E70b83f1a562490FCaA5996314fA5a971a_73320_78720,0x330997E70b83f1a562490FCaA5996314fA5a971a,73320,78720,0,0,11587814818326656957920432995519456,0,0
0,0x330997E70b83f1a562490FCaA5996314fA5a971a_73080_78660,0x330997E70b83f1a562490FCaA5996314fA5a971a_73080_78660,0x330997E70b83f1a562490FCaA5996314fA5a971a,73080,78660,0,0,12296903193117212952723126052846904,0,0
0,0x330997E70b83f1a562490FCaA5996314fA5a971a_72900_78600,0x330997E70b83f1a562490FCaA5996314fA5a971a_72900_78600,0x330997E70b83f1a562490FCaA5996314fA5a971a,72900,78600,0,294965230798342804995274194205613,385735421128468129302463876419457839,0,0
0,0x330997E70b83f1a562490FCaA5996314fA5a971a_72420_78480,0x330997E70b83f1a562490FCaA5996314fA5a971a_72420_78480,0x330997E70b83f1a562490FCaA5996314fA5a971a,72420,78480,0,10857679371466390475742826512589,0,0,0
0,0x330997E70b83f1a562490FCaA5996314fA5a971a_72180_78360,0x330997E70b83f1a562490FCaA5996314fA5a971a_72180_78360,0x330997E70b83f1a562490FCaA5996314fA5a971a,72180,78360,0,0,21653727707514936777134609931885242,0,0
0,0x330997E70b83f1a562490FCaA5996314fA5a971a_71640_78120,0x330997E70b83f1a562490FCaA5996314fA5a971a_71640_78120,0x330997E70b83f1a562490FCaA5996314fA5a971a,71640,78120,0,0,14684031809351191053710643187400383,0,0
0,0x330997E70b83f1a562490FCaA5996314fA5a971a_71460_78000,0x330997E70b83f1a562490FCaA5996314fA5a971a_71460_78000,0x330997E70b83f1a562490FCaA5996314fA5a971a,71460,78000,0,0,21822777825184042286661415818968962,0,0
0,0x330997E70b83f1a562490FCaA5996314fA5a971a_71340_78000,0x330997E70b83f1a562490FCaA5996314fA5a971a_71340_78000,0x330997E70b83f1a562490FCaA5996314fA5a971a,71340,78000,0,0,19623348343250907815101674812806061,0,0
0,0x330997E70b83f1a562490FCaA5996314fA5a971a_71220_77940,0x330997E70b83f1a562490FCaA5996314fA5a971a_71220_77940,0x330997E70b83f1a562490FCaA5996314fA5a971a,71220,77940,0,0,6063887353214147879859109008795861,0,0
0,0x330997E70b83f1a562490FCaA5996314fA5a971a_71100_77940,0x330997E70b83f1a562490FCaA5996314fA5a971a_71100_77940,0x330997E70b83f1a562490FCaA5996314fA5a971a,71100,77940,0,4668501945215915291169168801633,0,0,0
0,0x330997E70b83f1a562490FCaA5996314fA5a971a_72120_77280,0x330997E70b83f1a562490FCaA5996314fA5a971a_72120_77280,0x330997E70b83f1a562490FCaA5996314fA5a971a,72120,77280,0,0,2608975184627142123513903794298421,0,0
0,0x330997E70b83f1a562490FCaA5996314fA5a971a_71280_76920,0x330997E70b83f1a562490FCaA5996314fA5a971a_71280_76920,0x330997E70b83f1a562490FCaA5996314fA5a971a,71280,76920,0,0,42516612840784642737657755463049728,0,0
0,0x330997E70b83f1a562490FCaA5996314fA5a971a_70980_76800,0x330997E70b83f1a562490FCaA5996314fA5a971a_70980_76800,0x330997E70b83f1a562490FCaA5996314fA5a971a,70980,76800,0,328604060545486353179306083368185,508335553958742514979779656413045051,0,0
0,0x330997E70b83f1a562490FCaA5996314fA5a971a_70740_76620,0x330997E70b83f1a562490FCaA5996314fA5a971a_70740_76620,0x330997E70b83f1a562490FCaA5996314fA5a971a,70740,76620,0,31627401590535389477528770368692,113237815358570763410808670504406567,0,0
0,0x330997E70b83f1a562490FCaA5996314fA5a971a_70140_76380,0x330997E70b83f1a562490FCaA5996314fA5a971a_70140_76380,0x330997E70b83f1a562490FCaA5996314fA5a971a,70140,76380,0,13109053330664375125712407193614,0,0,0
0,0x330997E70b83f1a562490FCaA5996314fA5a971a_69900_76260,0x330997E70b83f1a562490FCaA5996314fA5a971a_69900_76260,0x330997E70b83f1a562490FCaA5996314fA5a971a,69900,76260,0,2131487438824280819922515873432391,3280280768819715705554161442573541332,0,0
0,0x330997E70b83f1a562490FCaA5996314fA5a971a_69600_76080,0x330997E70b83f1a562490FCaA5996314fA5a971a_69600_76080,0x330997E70b83f1a562490FCaA5996314fA5a971a,69600,76080,0,50484715682695364513089502028470,109955307981474351691585781453549467,0,0
0,0x330997E70b83f1a562490FCaA5996314fA5a971a_69000_75720,0x330997E70b83f1a562490FCaA5996314fA5a971a_69000_75720,0x330997E70b83f1a562490FCaA5996314fA5a971a,69000,75720,0,2278116511379990981772130431947341,3409164719112000591332143327970501760,0,0
0,0x330997E70b83f1a562490FCaA5996314fA5a971a_68820_75660,0x330997E70b83f1a562490FCaA5996314fA5a971a_68820_75660,0x330997E70b83f1a562490FCaA5996314fA5a971a,68820,75660,0,6361848002248206100318580988239,0,0,0
0,0x330997E70b83f1a562490FCaA5996314fA5a971a_68580_75480,0x330997E70b83f1a562490FCaA5996314fA5a971a_68580_75480,0x330997E70b83f1a562490FCaA5996314fA5a971a,68580,75480,0,115792089237316195423570985008687907853269983874561548792792932909193982187495,115792089237316195423570985008687907853269601523177244981343702190179993272319,0,0
0,0x330997E70b83f1a562490FCaA5996314fA5a971a_71940_78480,0x330997E70b83f1a562490FCaA5996314fA5a971a_71940_78480,0x330997E70b83f1a562490FCaA5996314fA5a971a,71940,78480,0,9934900712672720489163909963495,0,0,0
0,0x330997E70b83f1a562490FCaA5996314fA5a971a_71460_77280,0x330997E70b83f1a562490FCaA5996314fA5a971a_71460_77280,0x330997E70b83f1a562490FCaA5996314fA5a971a,71460,77280,0,0,28768146872993066738147631515627931,0,0
0,0x330997E70b83f1a562490FCaA5996314fA5a971a_71040_77040,0x330997E70b83f1a562490FCaA5996314fA5a971a_71040_77040,0x330997E70b83f1a562490FCaA5996314fA5a971a,71040,77040,0,5071038044281231311999632105426,0,0,0
0,0x330997E70b83f1a562490FCaA5996314fA5a971a_70860_76920,0x330997E70b83f1a562490FCaA5996314fA5a971a_70860_76920,0x330997E70b83f1a562490FCaA5996314fA5a971a,70860,76920,0,2598933767194555795149186490773,0,0,0
0,0x330997E70b83f1a562490FCaA5996314fA5a971a_70380_76680,0x330997E70b83f1a562490FCaA5996314fA5a971a_70380_76680,0x330997E70b83f1a562490FCaA5996314fA5a971a,70380,76680,0,0,8958299353571917984744486612854220,0,0
0,0x330997E70b83f1a562490FCaA5996314fA5a971a_69720_76320,0x330997E70b83f1a562490FCaA5996314fA5a971a_69720_76320,0x330997E70b83f1a562490FCaA5996314fA5a971a,69720,76320,0,0,18024901462157304958368578661701808,0,0
0,0x330997E70b83f1a562490FCaA5996314fA5a971a_69420_76140,0x330997E70b83f1a562490FCaA5996314fA5a971a_69420_76140,0x330997E70b83f1a562490FCaA5996314fA5a971a,69420,76140,0,3283058860465538694241243402907,0,0,0
0,0x330997E70b83f1a562490FCaA5996314fA5a971a_69240_76020,0x330997E70b83f1a562490FCaA5996314fA5a971a_69240_76020,0x330997E70b83f1a562490FCaA5996314fA5a971a,69240,76020,0,21893671487792377868503894105791,0,0,0
0,0x330997E70b83f1a562490FCaA5996314fA5a971a_72360_77520,0x330997E70b83f1a562490FCaA5996314fA5a971a_72360_77520,0x330997E70b83f1a562490FCaA5996314fA5a971a,72360,77520,0,2022948614776667574406134741739012,3567885577251255308586802975289655713,0,0
0,0x330997E70b83f1a562490FCaA5996314fA5a971a_72360_77460,0x330997E70b83f1a562490FCaA5996314fA5a971a_72360_77460,0x330997E70b83f1a562490FCaA5996314fA5a971a,72360,77460,0,2022948614776667574406134741739012,3613288185062915763387490718717877052,0,0
0,0x330997E70b83f1a562490FCaA5996314fA5a971a_72300_77460,0x330997E70b83f1a562490FCaA5996314fA5a971a_72300_77460,0x330997E70b83f1a562490FCaA5996314fA5a971a,72300,77460,0,0,18200436821386254672718612620566270,0,0
0,0x330997E70b83f1a562490FCaA5996314fA5a971a_72180_77340,0x330997E70b83f1a562490FCaA5996314fA5a971a_72180_77340,0x330997E70b83f1a562490FCaA5996314fA5a971a,72180,77340,0,14452315624639358224943677776971,0,0,0
0,0x330997E70b83f1a562490FCaA5996314fA5a971a_72060_77280,0x330997E70b83f1a562490FCaA5996314fA5a971a_72060_77280,0x330997E70b83f1a562490FCaA5996314fA5a971a,72060,77280,0,2049193754207303567306869815584095,3766504132995829188094458393783598732,0,0
0,0x330997E70b83f1a562490FCaA5996314fA5a971a_72600_77580,0x330997E70b83f1a562490FCaA5996314fA5a971a_72600_77580,0x330997E70b83f1a562490FCaA5996314fA5a971a,72600,77580,0,0,3021935985273687110706431378166989,0,0
0,0x330997E70b83f1a562490FCaA5996314fA5a971a_73020_77940,0x330997E70b83f1a562490FCaA5996314fA5a971a_73020_77940,0x330997E70b83f1a562490FCaA5996314fA5a971a,73020,77940,0,0,17333864480945239565018708673658202,0,0
0,0x330997E70b83f1a562490FCaA5996314fA5a971a_73440_78000,0x330997E70b83f1a562490FCaA5996314fA5a971a_73440_78000,0x330997E70b83f1a562490FCaA5996314fA5a971a,73440,78000,0,2140764358195232687487937800028026,3917891750149589434362283682065320537,0,0
0,0x330997E70b83f1a562490FCaA5996314fA5a971a_73740_78120,0x330997E70b83f1a562490FCaA5996314fA5a971a_73740_78120,0x330997E70b83f1a562490FCaA5996314fA5a971a,73740,78120,0,2390030383239783884841819171704529,4066289030442809145675394148805468994,0,0
0,0x330997E70b83f1a562490FCaA5996314fA5a971a_74040_78480,0x330997E70b83f1a562490FCaA5996314fA5a971a_74040_78480,0x330997E70b83f1a562490FCaA5996314fA5a971a,74040,78480,0,2396954625650225465913937102750637,4065395618654806095584725682108292103,0,0
0,0x330997E70b83f1a562490FCaA5996314fA5a971a_74100_78600,0x330997E70b83f1a562490FCaA5996314fA5a971a_74100_78600,0x330997E70b83f1a562490FCaA5996314fA5a971a,74100,78600,0,22462206794081968418469187093445,0,0,0
0,0x330997E70b83f1a562490FCaA5996314fA5a971a_74760_78900,0x330997E70b83f1a562490FCaA5996314fA5a971a_74760_78900,0x330997E70b83f1a562490FCaA5996314fA5a971a,74760,78900,0,0,33300411486959672515335500324807311,0,0
0,0x330997E70b83f1a562490FCaA5996314fA5a971a_75180_79200,0x330997E70b83f1a562490FCaA5996314fA5a971a_75180_79200,0x330997E70b83f1a562490FCaA5996314fA5a971a,75180,79200,0,0,26457875830259185848138429706777532,0,0
0,0x330997E70b83f1a562490FCaA5996314fA5a971a_75240_79320,0x330997E70b83f1a562490FCaA5996314fA5a971a_75240_79320,0x330997E70b83f1a562490FCaA5996314fA5a971a,75240,79320,0,23278580295031384933634960092807,0,0,0
0,0x330997E70b83f1a562490FCaA5996314fA5a971a_75300_79380,0x330997E70b83f1a562490FCaA5996314fA5a971a_75300_79380,0x330997E70b83f1a562490FCaA5996314fA5a971a,75300,79380,0,12455830346598220893380130533362,0,0,0
0,0x330997E70b83f1a562490FCaA5996314fA5a971a_72660_77700,0x330997E70b83f1a562490FCaA5996314fA5a971a_72660_77700,0x330997E70b83f1a562490FCaA5996314fA5a971a,72660,77700,0,0,10906078944147370993316190096109553,0,0
0,0x330997E70b83f1a562490FCaA5996314fA5a971a_73260_78060,0x330997E70b83f1a562490FCaA5996314fA5a971a_73260_78060,0x330997E70b83f1a562490FCaA5996314fA5a971a,73260,78060,0,1557064320813636423881016395291266,3775566107017822202422718829576930111,0,0
0,0x330997E70b83f1a562490FCaA5996314fA5a971a_73440_78180,0x330997E70b83f1a562490FCaA5996314fA5a971a_73440_78180,0x330997E70b83f1a562490FCaA5996314fA5a971a,73440,78180,0,2354452305644476412991793493224577,4181487486816968384464828345536752893,0,0
0,0x330997E70b83f1a562490FCaA5996314fA5a971a_74760_79020,0x330997E70b83f1a562490FCaA5996314fA5a971a_74760_79020,0x330997E70b83f1a562490FCaA5996314fA5a971a,74760,79020,0,22531830279127447159235281230982,0,0,0
0,0x330997E70b83f1a562490FCaA5996314fA5a971a_74880_79020,0x330997E70b83f1a562490FCaA5996314fA5a971a_74880_79020,0x330997E70b83f1a562490FCaA5996314fA5a971a,74880,79020,0,0,48365326863606134017070819711374334,0,0
0,0x330997E70b83f1a562490FCaA5996314fA5a971a_75000_79200,0x330997E70b83f1a562490FCaA5996314fA5a971a_75000_79200,0x330997E70b83f1a562490FCaA5996314fA5a971a,75000,79200,0,0,25333603014231578871852478546650609,0,0
0,0x330997E70b83f1a562490FCaA5996314fA5a971a_75360_79440,0x330997E70b83f1a562490FCaA5996314fA5a971a_75360_79440,0x330997E70b83f1a562490FCaA5996314fA5a971a,75360,79440,0,0,35719856301945470067986085280844386,0,0
0,0x330997E70b83f1a562490FCaA5996314fA5a971a_74760_79320,0x330997E70b83f1a562490FCaA5996314fA5a971a_74760_79320,0x330997E70b83f1a562490FCaA5996314fA5a971a,74760,79320,0,21441634984934732206853128946736,0,0,0
0,0x330997E70b83f1a562490FCaA5996314fA5a971a_74640_79320,0x330997E70b83f1a562490FCaA5996314fA5a971a_74640_79320,0x330997E70b83f1a562490FCaA5996314fA5a971a,74640,79320,0,16816216253105901643377211372566,0,0,0
0,0x330997E70b83f1a562490FCaA5996314fA5a971a_74640_79200,0x330997E70b83f1a562490FCaA5996314fA5a971a_74640_79200,0x330997E70b83f1a562490FCaA5996314fA5a971a,74640,79200,0,0,32265731469282232638631306205167876,0,0
0,0x330997E70b83f1a562490FCaA5996314fA5a971a_73560_79080,0x330997E70b83f1a562490FCaA5996314fA5a971a_73560_79080,0x330997E70b83f1a562490FCaA5996314fA5a971a,73560,79080,0,17231285080623313644082351062383,0,0,0
0,0x330997E70b83f1a562490FCaA5996314fA5a971a_73020_78600,0x330997E70b83f1a562490FCaA5996314fA5a971a_73020_78600,0x330997E70b83f1a562490FCaA5996314fA5a971a,73020,78600,0,8149446098836819120642734970998,0,0,0
0,0x330997E70b83f1a562490FCaA5996314fA5a971a_73140_78600,0x330997E70b83f1a562490FCaA5996314fA5a971a_73140_78600,0x330997E70b83f1a562490FCaA5996314fA5a971a,73140,78600,0,0,7690871927468898418834374147590231,0,0
0,0x330997E70b83f1a562490FCaA5996314fA5a971a_71820_78120,0x330997E70b83f1a562490FCaA5996314fA5a971a_71820_78120,0x330997E70b83f1a562490FCaA5996314fA5a971a,71820,78120,0,22481011808145286121975076030450,0,0,0
0,0x330997E70b83f1a562490FCaA5996314fA5a971a_71760_78060,0x330997E70b83f1a562490FCaA5996314fA5a971a_71760_78060,0x330997E70b83f1a562490FCaA5996314fA5a971a,71760,78060,0,0,5975445717602111478650958080775037,0,0
0,0x330997E70b83f1a562490FCaA5996314fA5a971a_71400_78060,0x330997E70b83f1a562490FCaA5996314fA5a971a_71400_78060,0x330997E70b83f1a562490FCaA5996314fA5a971a,71400,78060,0,4106320587794724730966727717137,0,0,0
0,0x330997E70b83f1a562490FCaA5996314fA5a971a_71520_78000,0x330997E70b83f1a562490FCaA5996314fA5a971a_71520_78000,0x330997E70b83f1a562490FCaA5996314fA5a971a,71520,78000,0,2696069132642093206229246461310995,5069784419914225519734227915078531669,0,0
0,0x330997E70b83f1a562490FCaA5996314fA5a971a_70860_78000,0x330997E70b83f1a562490FCaA5996314fA5a971a_70860_78000,0x330997E70b83f1a562490FCaA5996314fA5a971a,70860,78000,0,0,23928425504286179211281214531194990,0,0
0,0x330997E70b83f1a562490FCaA5996314fA5a971a_70680_77820,0x330997E70b83f1a562490FCaA5996314fA5a971a_70680_77820,0x330997E70b83f1a562490FCaA5996314fA5a971a,70680,77820,0,2747336384936472605382255252762312,5180350065090909182014230944911583436,0,0
0,0x330997E70b83f1a562490FCaA5996314fA5a971a_70980_77760,0x330997E70b83f1a562490FCaA5996314fA5a971a_70980_77760,0x330997E70b83f1a562490FCaA5996314fA5a971a,70980,77760,0,23811580987393166765570267175233,0,0,0
0,0x330997E70b83f1a562490FCaA5996314fA5a971a_70620_77460,0x330997E70b83f1a562490FCaA5996314fA5a971a_70620_77460,0x330997E70b83f1a562490FCaA5996314fA5a971a,70620,77460,0,21482620249778093009029371744187,0,0,0
0,0x330997E70b83f1a562490FCaA5996314fA5a971a_70200_77400,0x330997E70b83f1a562490FCaA5996314fA5a971a_70200_77400,0x330997E70b83f1a562490FCaA5996314fA5a971a,70200,77400,0,16406540041632045165499166991253,0,0,0
0,0x330997E70b83f1a562490FCaA5996314fA5a971a_70200_77340,0x330997E70b83f1a562490FCaA5996314fA5a971a_70200_77340,0x330997E70b83f1a562490FCaA5996314fA5a971a,70200,77340,0,23918883607791163881974433409615,0,0,0
0,0x330997E70b83f1a562490FCaA5996314fA5a971a_70140_77280,0x330997E70b83f1a562490FCaA5996314fA5a971a_70140_77280,0x330997E70b83f1a562490FCaA5996314fA5a971a,70140,77280,0,0,47394374447849273247095791565579022,0,0
0,0x330997E70b83f1a562490FCaA5996314fA5a971a_69420_77160,0x330997E70b83f1a562490FCaA5996314fA5a971a_69420_77160,0x330997E70b83f1a562490FCaA5996314fA5a971a,69420,77160,0,19311999990123567244837207309146,0,0,0
0,0x330997E70b83f1a562490FCaA5996314fA5a971a_69660_76800,0x330997E70b83f1a562490FCaA5996314fA5a971a_69660_76800,0x330997E70b83f1a562490FCaA5996314fA5a971a,69660,76800,0,0,35402423091043734925716093991949302,0,0
0,0x330997E70b83f1a562490FCaA5996314fA5a971a_69360_76500,0x330997E70b83f1a562490FCaA5996314fA5a971a_69360_76500,0x330997E70b83f1a562490FCaA5996314fA5a971a,69360,76500,0,0,27867312920623067917973727758923419,0,0
0,0x330997E70b83f1a562490FCaA5996314fA5a971a_69300_76320,0x330997E70b83f1a562490FCaA5996314fA5a971a_69300_76320,0x330997E70b83f1a562490FCaA5996314fA5a971a,69300,76320,0,3310321178314924245955377918329710,5594862978809366167352379231444187073,0,0
0,0x330997E70b83f1a562490FCaA5996314fA5a971a_69000_76320,0x330997E70b83f1a562490FCaA5996314fA5a971a_69000_76320,0x330997E70b83f1a562490FCaA5996314fA5a971a,69000,76320,0,3257927635961258528950350994095687,5588791049911789339085949804141655015,0,0
0,0x330997E70b83f1a562490FCaA5996314fA5a971a_69120_76200,0x330997E70b83f1a562490FCaA5996314fA5a971a_69120_76200,0x330997E70b83f1a562490FCaA5996314fA5a971a,69120,76200,0,9606562649092454402297355254333,0,0,0
0,0x330997E70b83f1a562490FCaA5996314fA5a971a_69000_75900,0x330997E70b83f1a562490FCaA5996314fA5a971a_69000_75900,0x330997E70b83f1a562490FCaA5996314fA5a971a,69000,75900,0,3284887124181031145973640619713886,5616048551864859227925685825408539981,0,0
0,0x330997E70b83f1a562490FCaA5996314fA5a971a_72900_77880,0x330997E70b83f1a562490FCaA5996314fA5a971a_72900_77880,0x330997E70b83f1a562490FCaA5996314fA5a971a,72900,77880,0,16643375130181725510302521015453,0,0,0
0,0x330997E70b83f1a562490FCaA5996314fA5a971a_72660_77820,0x330997E70b83f1a562490FCaA5996314fA5a971a_72660_77820,0x330997E70b83f1a562490FCaA5996314fA5a971a,72660,77820,83248923308062800000,669433889929641666035324442320465,1176638548165239095621803377254183969,207940570088008082,501223380723144927498
0,0x330997E70b83f1a562490FCaA5996314fA5a971a_72840_77820,0x330997E70b83f1a562490FCaA5996314fA5a971a_72840_77820,0x330997E70b83f1a562490FCaA5996314fA5a971a,72840,77820,0,8447481868583142409948037545928,0,0,0
0,0x330997E70b83f1a562490FCaA5996314fA5a971a_73800_78120,0x330997E70b83f1a562490FCaA5996314fA5a971a_73800_78120,0x330997E70b83f1a562490FCaA5996314fA5a971a,73800,78120,0,0,15409377996034865500757163233512547,0,0
0,0x330997E70b83f1a562490FCaA5996314fA5a971a_73980_78240,0x330997E70b83f1a562490FCaA5996314fA5a971a_73980_78240,0x330997E70b83f1a562490FCaA5996314fA5a971a,73980,78240,0,0,15968144522512627328312941175801618,259103724580073604,323891143443667464442
0,0x330997E70b83f1a562490FCaA5996314fA5a971a_72720_77760,0x330997E70b83f1a562490FCaA5996314fA5a971a_72720_77760,0x330997E70b83f1a562490FCaA5996314fA5a971a,72720,77760,0,0,11630675161434089854155412561431389,0,0
0,0x330997E70b83f1a562490FCaA5996314fA5a971a_71940_77700,0x330997E70b83f1a562490FCaA5996314fA5a971a_71940_77700,0x330997E70b83f1a562490FCaA5996314fA5a971a,71940,77700,0,0,37943629944452868920640508250880189,0,0
0,0x330997E70b83f1a562490FCaA5996314fA5a971a_71340_77520,0x330997E70b83f1a562490FCaA5996314fA5a971a_71340_77520,0x330997E70b83f1a562490FCaA5996314fA5a971a,71340,77520,0,8174588142909663857086794097273,0,0,0
0,0x330997E70b83f1a562490FCaA5996314fA5a971a_69900_76560,0x330997E70b83f1a562490FCaA5996314fA5a971a_69900_76560,0x330997E70b83f1a562490FCaA5996314fA5a971a,69900,76560,0,3433824072418657923809017991842732,6327057672289313700209162351012167249,0,0
0,0x330997E70b83f1a562490FCaA5996314fA5a971a_69120_75960,0x330997E70b83f1a562490FCaA5996314fA5a971a_69120_75960,0x330997E70b83f1a562490FCaA5996314fA5a971a,69120,75960,0,7913985619342874806181977370373,0,0,0
0,0x330997E70b83f1a562490FCaA5996314fA5a971a_68940_75840,0x330997E70b83f1a562490FCaA5996314fA5a971a_68940_75840,0x330997E70b83f1a562490FCaA5996314fA5a971a,68940,75840,0,0,47246217910151485325333951359059445,0,0
0,0x330997E70b83f1a562490FCaA5996314fA5a971a_68820_75720,0x330997E70b83f1a562490FCaA5996314fA5a971a_68820_75720,0x330997E70b83f1a562490FCaA5996314fA5a971a,68820,75720,0,13745666577294393837891280464420,0,0,0
0,0x330997E70b83f1a562490FCaA5996314fA5a971a_68700_75600,0x330997E70b83f1a562490FCaA5996314fA5a971a_68700_75600,0x330997E70b83f1a562490FCaA5996314fA5a971a,68700,75600,0,0,0,0,0
0,0x330997E70b83f1a562490FCaA5996314fA5a971a_72720_78000,0x330997E70b83f1a562490FCaA5996314fA5a971a_72720_78000,0x330997E70b83f1a562490FCaA5996314fA5a971a,72720,78000,0,22482380752820703300100411324925,0,211252424342039872,496473169315336101466
0,0x330997E70b83f1a562490FCaA5996314fA5a971a_72780_77460,0x330997E70b83f1a562490FCaA5996314fA5a971a_72780_77460,0x330997E70b83f1a562490FCaA5996314fA5a971a,72780,77460,0,623056665662882625387270839819885,1150049188729203131315392985354727784,177955235870352227,501445700067651429510
0,0x330997E70b83f1a562490FCaA5996314fA5a971a_72840_77700,0x330997E70b83f1a562490FCaA5996314fA5a971a_72840_77700,0x330997E70b83f1a562490FCaA5996314fA5a971a,72840,77700,0,644749948462102260276197616748781,1205742245135409182619923007412507537,197561998095991543,499746833738628746189
0,0x330997E70b83f1a562490FCaA5996314fA5a971a_72600_77880,0x330997E70b83f1a562490FCaA5996314fA5a971a_72600_77880,0x330997E70b83f1a562490FCaA5996314fA5a971a,72600,77880,0,16155333180413303942015501293798,0,208693453723841544,497497817943328929381
0,0x330997E70b83f1a562490FCaA5996314fA5a971a_72780_77820,0x330997E70b83f1a562490FCaA5996314fA5a971a_72780_77820,0x330997E70b83f1a562490FCaA5996314fA5a971a,72780,77820,0,669433889929641666035324442320465,1171106922270016601089842315709452743,215475949880861318,500544554266691090539
0,0x330997E70b83f1a562490FCaA5996314fA5a971a_73020_77880,0x330997E70b83f1a562490FCaA5996314fA5a971a_73020_77880,0x330997E70b83f1a562490FCaA5996314fA5a971a,73020,77880,0,9902888945133390857285411313587,0,240988763811894556,498228394713974460769
0,0x330997E70b83f1a562490FCaA5996314fA5a971a_72900_77820,0x330997E70b83f1a562490FCaA5996314fA5a971a_72900_77820,0x330997E70b83f1a562490FCaA5996314fA5a971a,72900,77820,0,0,33899981677171568521106224722113786,224349457106849327,503050001127210993324
0,0x330997E70b83f1a562490FCaA5996314fA5a971a_73920_78000,0x330997E70b83f1a562490FCaA5996314fA5a971a_73920_78000,0x330997E70b83f1a562490FCaA5996314fA5a971a,73920,78000,0,0,23994029590822011357468386167590382,260164020677675360,347551260840999238735
0,0x330997E70b83f1a562490FCaA5996314fA5a971a_74100_78120,0x330997E70b83f1a562490FCaA5996314fA5a971a_74100_78120,0x330997E70b83f1a562490FCaA5996314fA5a971a,74100,78120,0,0,43611643580183776949436306256866010,259349545507332945,298294876435138956556
0,0x330997E70b83f1a562490FCaA5996314fA5a971a_72720_77880,0x330997E70b83f1a562490FCaA5996314fA5a971a_72720_77880,0x330997E70b83f1a562490FCaA5996314fA5a971a,72720,77880,0,4558801160266246243692407074294,0,207800872115201300,499275068797282121834
0,0x330997E70b83f1a562490FCaA5996314fA5a971a_72660_77940,0x330997E70b83f1a562490FCaA5996314fA5a971a_72660_77940,0x330997E70b83f1a562490FCaA5996314fA5a971a,72660,77940,83283200090587150000,712303880781169405671719426450793,1368473086591595054598443671741758404,0,0
0,0x330997E70b83f1a562490FCaA5996314fA5a971a_73080_77940,0x330997E70b83f1a562490FCaA5996314fA5a971a_73080_77940,0x330997E70b83f1a562490FCaA5996314fA5a971a,73080,77940,0,0,36676516964403727534707073473267245,239741583483246895,503443511265513522390
0,0x330997E70b83f1a562490FCaA5996314fA5a971a_72960_77880,0x330997E70b83f1a562490FCaA5996314fA5a971a_72960_77880,0x330997E70b83f1a562490FCaA5996314fA5a971a,72960,77880,0,8266034567987187306376209858052,0,224090414557517048,498578526914579134928
0,0x330997E70b83f1a562490FCaA5996314fA5a971a_73560_78000,0x330997E70b83f1a562490FCaA5996314fA5a971a_73560_78000,0x330997E70b83f1a562490FCaA5996314fA5a971a,73560,78000,0,3964760148598963572120472305997,0,260336391224647938,436478441268749260375
0,0x330997E70b83f1a562490FCaA5996314fA5a971a_73860_78240,0x330997E70b83f1a562490FCaA5996314fA5a971a_73860_78240,0x330997E70b83f1a562490FCaA5996314fA5a971a,73860,78240,0,0,14959824152912492313279334513207515,259325478538107299,344218396579287374597
0,0x330997E70b83f1a562490FCaA5996314fA5a971a_73980_78300,0x330997E70b83f1a562490FCaA5996314fA5a971a_73980_78300,0x330997E70b83f1a562490FCaA5996314fA5a971a,73980,78300,0,12102259697321642921884311698603,0,260751816610321972,315688897549260063686
0,0x330997E70b83f1a562490FCaA5996314fA5a971a_74760_78660,0x330997E70b83f1a562490FCaA5996314fA5a971a_74760_78660,0x330997E70b83f1a562490FCaA5996314fA5a971a,74760,78660,0,17427898801217701088533101681838,0,261319660827901763,147197195537517856341
0,0x330997E70b83f1a562490FCaA5996314fA5a971a_74520_78600,0x330997E70b83f1a562490FCaA5996314fA5a971a_74520_78600,0x330997E70b83f1a562490FCaA5996314fA5a971a,74520,78600,0,0,22527237770591065312391880820959034,259502491522353724,191326718289244318301
0,0x330997E70b83f1a562490FCaA5996314fA5a971a_75000_78960,0x330997E70b83f1a562490FCaA5996314fA5a971a_75000_78960,0x330997E70b83f1a562490FCaA5996314fA5a971a,75000,78960,0,0,40450710913304085969679313157303745,258660058915187905,100986894169594763805
0,0x330997E70b83f1a562490FCaA5996314fA5a971a_74880_78960,0x330997E70b83f1a562490FCaA5996314fA5a971a_74880_78960,0x330997E70b83f1a562490FCaA5996314fA5a971a,74880,78960,0,3553875415626838610383057211231,0,259970309962930287,119804523910463214047
0,0x330997E70b83f1a562490FCaA5996314fA5a971a_74640_78900,0x330997E70b83f1a562490FCaA5996314fA5a971a_74640_78900,0x330997E70b83f1a562490FCaA5996314fA5a971a,74640,78900,0,0,9326506035118564138151092957749517,260182736599334126,154719533609361024748
0,0x330997E70b83f1a562490FCaA5996314fA5a971a_74700_77700,0x330997E70b83f1a562490FCaA5996314fA5a971a_74700_77700,0x330997E70b83f1a562490FCaA5996314fA5a971a,74700,77700,0,0,27220065046471308760563789138211683,259246247049976518,219998912997570093411
0,0x330997E70b83f1a562490FCaA5996314fA5a971a_73860_78000,0x330997E70b83f1a562490FCaA5996314fA5a971a_73860_78000,0x330997E70b83f1a562490FCaA5996314fA5a971a,73860,78000,0,0,12574568377226831817991229670027804,259863900347810136,370016074273279225688
0,0x330997E70b83f1a562490FCaA5996314fA5a971a_73560_78060,0x330997E70b83f1a562490FCaA5996314fA5a971a_73560_78060,0x330997E70b83f1a562490FCaA5996314fA5a971a,73560,78060,0,0,23227500734058462715769331298731877,259196871070746786,423524981124455269373
0,0x330997E70b83f1a562490FCaA5996314fA5a971a_73440_77580,0x330997E70b83f1a562490FCaA5996314fA5a971a_73440_77580,0x330997E70b83f1a562490FCaA5996314fA5a971a,73440,77580,0,4043651092165858169705841637475359,7807127704940583471271835105584921324,235526898734201915,504536981224289563094
0,0x330997E70b83f1a562490FCaA5996314fA5a971a_72960_77580,0x330997E70b83f1a562490FCaA5996314fA5a971a_72960_77580,0x330997E70b83f1a562490FCaA5996314fA5a971a,72960,77580,0,0,13894835087151770893769487701198626,193017803170847942,501239113068684300225
0,0x330997E70b83f1a562490FCaA5996314fA5a971a_72900_77700,0x330997E70b83f1a562490FCaA5996314fA5a971a_72900_77700,0x330997E70b83f1a562490FCaA5996314fA5a971a,72900,77700,0,231061383211732922816585268418067,542045996858747335008036319170630674,200753379358718672,497826287183425009305
0,0x330997E70b83f1a562490FCaA5996314fA5a971a_72420_77340,0x330997E70b83f1a562490FCaA5996314fA5a971a_72420_77340,0x330997E70b83f1a562490FCaA5996314fA5a971a,72420,77340,0,13429424293885419403791921826057,0,149256798071541057,498044858156545081615
0,0x330997E70b83f1a562490FCaA5996314fA5a971a_72540_77040,0x330997E70b83f1a562490FCaA5996314fA5a971a_72540_77040,0x330997E70b83f1a562490FCaA5996314fA5a971a,72540,77040,0,0,20122838976969942796497212672279294,129090619033257274,501590691633240709747
0,0x330997E70b83f1a562490FCaA5996314fA5a971a_72360_76560,0x330997E70b83f1a562490FCaA5996314fA5a971a_72360_76560,0x330997E70b83f1a562490FCaA5996314fA5a971a,72360,76560,0,4053772355706152310887474021067693,7842290275890393204460340195170885879,84490538742234305,499520176843582977583
0,0x330997E70b83f1a562490FCaA5996314fA5a971a_70980_76500,0x330997E70b83f1a562490FCaA5996314fA5a971a_70980_76500,0x330997E70b83f1a562490FCaA5996314fA5a971a,70980,76500,0,586734446778597620541256353788773,1052608551510096586703693224686763881,54091226786140766,498540775991999631697
0,0x330997E70b83f1a562490FCaA5996314fA5a971a_70560_75960,0x330997E70b83f1a562490FCaA5996314fA5a971a_70560_75960,0x330997E70b83f1a562490FCaA5996314fA5a971a,70560,75960,51040049355254720000,11666850583096754828687101899452,0,1749948535299,0
0,0x330997E70b83f1a562490FCaA5996314fA5a971a_70680_76020,0x330997E70b83f1a562490FCaA5996314fA5a971a_70680_76020,0x330997E70b83f1a562490FCaA5996314fA5a971a,70680,76020,0,4149157162380724691997002813408742,8019090426465454443280695853755513055,24508250263491663,501684633916597838731
0,0x330997E70b83f1a562490FCaA5996314fA5a971a_70920_76320,0x330997E70b83f1a562490FCaA5996314fA5a971a_70920_76320,0x330997E70b83f1a562490FCaA5996314fA5a971a,70920,76320,0,21457459846158249201277847217187,0,44852474147926779,497803714174612864070
0,0x330997E70b83f1a562490FCaA5996314fA5a971a_70680_76380,0x330997E70b83f1a562490FCaA5996314fA5a971a_70680_76380,0x330997E70b83f1a562490FCaA5996314fA5a971a,70680,76380,0,4170614622226882941198280660625929,8055032820654657073780479363366097119,45519879795308745,501001697316469202575
0,0x330997E70b83f1a562490FCaA5996314fA5a971a_72720_77700,0x330997E70b83f1a562490FCaA5996314fA5a971a_72720_77700,0x330997E70b83f1a562490FCaA5996314fA5a971a,72720,77700,0,14654642670805408571047637745340,0,190474028966030540,497680254283422093000
0,0x330997E70b83f1a562490FCaA5996314fA5a971a_72600_77700,0x330997E70b83f1a562490FCaA5996314fA5a971a_72600_77700,0x330997E70b83f1a562490FCaA5996314fA5a971a,72600,77700,0,0,35729015070343377864186444994194349,186627381988440012,502870148128587285972
0,0x330997E70b83f1a562490FCaA5996314fA5a971a_72840_77940,0x330997E70b83f1a562490FCaA5996314fA5a971a_72840_77940,0x330997E70b83f1a562490FCaA5996314fA5a971a,72840,77940,0,657226837699939116359603528546800,1274447807258867499038573575599887838,216652469864683883,502564059992826789392
0,0x330997E70b83f1a562490FCaA5996314fA5a971a_72420_77760,0x330997E70b83f1a562490FCaA5996314fA5a971a_72420_77760,0x330997E70b83f1a562490FCaA5996314fA5a971a,72420,77760,0,0,29268501312600575482763770875352710,179286888290382171,502214448763655879367
0,0x330997E70b83f1a562490FCaA5996314fA5a971a_72240_77520,0x330997E70b83f1a562490FCaA5996314fA5a971a_72240_77520,0x330997E70b83f1a562490FCaA5996314fA5a971a,72240,77520,0,0,35937831473135364139299652630708876,153054166401782754,502591708547459786880
0,0x330997E70b83f1a562490FCaA5996314fA5a971a_71040_76920,0x330997E70b83f1a562490FCaA5996314fA5a971a_71040_76920,0x330997E70b83f1a562490FCaA5996314fA5a971a,71040,76920,55785392014050610000,605186223116580629066525980039924,1159370644322191720933415635665901209,0,0
0,0xF000C64CB8F10426fd8484E26c631B2c015671F4_69300_77160,0xF000C64CB8F10426fd8484E26c631B2c015671F4_69300_77160,0xF000C64CB8F10426fd8484E26c631B2c015671F4,69300,77160,47606174594821235000,0,0,0,0
0,0xF000C64CB8F10426fd8484E26c631B2c015671F4_69000_79620,0xF000C64CB8F10426fd8484E26c631B2c015671F4_69000_79620,0xF000C64CB8F10426fd8484E26c631B2c015671F4,69000,79620,125071312500319010000,0,0,0,0
0,0xF000C64CB8F10426fd8484E26c631B2c015671F4_73740_78900,0xF000C64CB8F10426fd8484E26c631B2c015671F4_73740_78900,0xF000C64CB8F10426fd8484E26c631B2c015671F4,73740,78900,274999582719160120000,0,0,0,0
0,0xF000C64CB8F10426fd8484E26c631B2c015671F4_74040_79680,0xF000C64CB8F10426fd8484E26c631B2c015671F4_74040_79680,0xF000C64CB8F10426fd8484E26c631B2c015671F4,74040,79680,18888247242687267000,0,0,0,0
0,0xF000C64CB8F10426fd8484E26c631B2c015671F4_69900_78420,0xF000C64CB8F10426fd8484E26c631B2c015671F4_69900_78420,0xF000C64CB8F10426fd8484E26c631B2c015671F4,69900,78420,92879333148612050000,0,0,0,0
0,0xF000C64CB8F10426fd8484E26c631B2c015671F4_74220_79740,0xF000C64CB8F10426fd8484E26c631B2c015671F4_74220_79740,0xF000C64CB8F10426fd8484E26c631B2c015671F4,74220,79740,247885027632641050000,0,0,0,0
0,0x98cC8F9A3B6055C756dF45Ef839648808CC76611_74340_77220,0x98cC8F9A3B6055C756dF45Ef839648808CC76611_74340_77220,0x98cC8F9A3B6055C756dF45Ef839648808CC76611,74340,77220,554933787986107200000,0,0,0,0
0,0x98cC8F9A3B6055C756dF45Ef839648808CC76611_73440_76560,0x98cC8F9A3B6055C756dF45Ef839648808CC76611_73440_76560,0x98cC8F9A3B6055C756dF45Ef839648808CC76611,73440,76560,237636283176356540000,0,0,0,0
0,0x98cC8F9A3B6055C756dF45Ef839648808CC76611_70680_77160,0x98cC8F9A3B6055C756dF45Ef839648808CC76611_70680_77160,0x98cC8F9A3B6055C756dF45Ef839648808CC76611,70680,77160,122849128095913200000,0,0,0,0
0,0x98cC8F9A3B6055C756dF45Ef839648808CC76611_71520_78840,0x98cC8F9A3B6055C756dF45Ef839648808CC76611_71520_78840,0x98cC8F9A3B6055C756dF45Ef839648808CC76611,71520,78840,99546520607850760000,0,0,0,0
0,0x98cC8F9A3B6055C756dF45Ef839648808CC76611_69300_78120,0x98cC8F9A3B6055C756dF45Ef839648808CC76611_69300_78120,0x98cC8F9A3B6055C756dF45Ef839648808CC76611,69300,78120,63678157907005230000,458777614379548500535238609763005,222060551475853023511175588391444958,0,0
0,0x98cC8F9A3B6055C756dF45Ef839648808CC76611_72360_78240,0x98cC8F9A3B6055C756dF45Ef839648808CC76611_72360_78240,0x98cC8F9A3B6055C756dF45Ef839648808CC76611,72360,78240,374456229123584300000,0,0,0,0
0,0x98cC8F9A3B6055C756dF45Ef839648808CC76611_72060_78840,0x98cC8F9A3B6055C756dF45Ef839648808CC76611_72060_78840,0x98cC8F9A3B6055C756dF45Ef839648808CC76611,72060,78840,8420169393476714000,0,0,0,0
0,0x52bD6B7F2DAbc5910175879b8ACA95F5a1e05cD7_73260_76440,0x52bD6B7F2DAbc5910175879b8ACA95F5a1e05cD7_73260_76440,0x52bD6B7F2DAbc5910175879b8ACA95F5a1e05cD7,73260,76440,244960824619084020000,0,0,0,0
0,0x6cDB650A8d156294dC0080116736bC575F3A256B_71760_78600,0x6cDB650A8d156294dC0080116736bC575F3A256B_71760_78600,0x6cDB650A8d156294dC0080116736bC575F3A256B,71760,78600,67217513514943090000,0,0,0,0
0,0x6cDB650A8d156294dC0080116736bC575F3A256B_71400_78960,0x6cDB650A8d156294dC0080116736bC575F3A256B_71400_78960,0x6cDB650A8d156294dC0080116736bC575F3A256B,71400,78960,181423291445492250000,0,0,0,0
0,0x6cDB650A8d156294dC0080116736bC575F3A256B_69840_77340,0x6cDB650A8d156294dC0080116736bC575F3A256B_69840_77340,0x6cDB650A8d156294dC0080116736bC575F3A256B,69840,77340,119017643629671190000,0,0,0,0
0,0x6cDB650A8d156294dC0080116736bC575F3A256B_69660_78900,0x6cDB650A8d156294dC0080116736bC575F3A256B_69660_78900,0x6cDB650A8d156294dC0080116736bC575F3A256B,69660,78900,52387550284894134000,0,0,0,0
0,0x6cDB650A8d156294dC0080116736bC575F3A256B_70020_78000,0x6cDB650A8d156294dC0080116736bC575F3A256B_70020_78000,0x6cDB650A8d156294dC0080116736bC575F3A256B,70020,78000,34108502822934670000,0,0,0,0
0,0x6cDB650A8d156294dC0080116736bC575F3A256B_69720_79440,0x6cDB650A8d156294dC0080116736bC575F3A256B_69720_79440,0x6cDB650A8d156294dC0080116736bC575F3A256B,69720,79440,23402787813893050000,0,0,0,0
0,0x6cDB650A8d156294dC0080116736bC575F3A256B_70260_78360,0x6cDB650A8d156294dC0080116736bC575F3A256B_70260_78360,0x6cDB650A8d156294dC0080116736bC575F3A256B,70260,78360,209627001456784240000,0,0,0,0
0,0x6cDB650A8d156294dC0080116736bC575F3A256B_70800_77760,0x6cDB650A8d156294dC0080116736bC575F3A256B_70800_77760,0x6cDB650A8d156294dC0080116736bC575F3A256B,70800,77760,116385710599482820000,0,0,0,0
0,0x6cDB650A8d156294dC0080116736bC575F3A256B_70980_77700,0x6cDB650A8d156294dC0080116736bC575F3A256B_70980_77700,0x6cDB650A8d156294dC0080116736bC575F3A256B,70980,77700,271323147447186550000,0,0,0,0
0,0x6cDB650A8d156294dC0080116736bC575F3A256B_72840_79140,0x6cDB650A8d156294dC0080116736bC575F3A256B_72840_79140,0x6cDB650A8d156294dC0080116736bC575F3A256B,72840,79140,283075442801924240000,0,0,0,0
0,0x6cDB650A8d156294dC0080116736bC575F3A256B_70980_79320,0x6cDB650A8d156294dC0080116736bC575F3A256B_70980_79320,0x6cDB650A8d156294dC0080116736bC575F3A256B,70980,79320,67513881410257750000,40002458295281127964675219110456,88884673121053395109882212844019974,0,0
0,0x6cDB650A8d156294dC0080116736bC575F3A256B_71040_78060,0x6cDB650A8d156294dC0080116736bC575F3A256B_71040_78060,0x6cDB650A8d156294dC0080116736bC575F3A256B,71040,78060,82237137938510330000,0,0,0,0
0,0x6cDB650A8d156294dC0080116736bC575F3A256B_71940_77040,0x6cDB650A8d156294dC0080116736bC575F3A256B_71940_77040,0x6cDB650A8d156294dC0080116736bC575F3A256B,71940,77040,123913083117355960000,0,0,0,0
0,0x6cDB650A8d156294dC0080116736bC575F3A256B_73140_77820,0x6cDB650A8d156294dC0080116736bC575F3A256B_73140_77820,0x6cDB650A8d156294dC0080116736bC575F3A256B,73140,77820,234268114379229560000,0,0,0,0
0,0x6cDB650A8d156294dC0080116736bC575F3A256B_73800_78540,0x6cDB650A8d156294dC0080116736bC575F3A256B_73800_78540,0x6cDB650A8d156294dC0080116736bC575F3A256B,73800,78540,330009276888154100000,0,0,0,0
0,0x6cDB650A8d156294dC0080116736bC575F3A256B_71040_79380,0x6cDB650A8d156294dC0080116736bC575F3A256B_71040_79380,0x6cDB650A8d156294dC0080116736bC575F3A256B,71040,79380,180162632032072070000,40896540896359731380451964454829,5978879026253914372592840990917434,0,0
0,0x6cDB650A8d156294dC0080116736bC575F3A256B_74460_78180,0x6cDB650A8d156294dC0080116736bC575F3A256B_74460_78180,0x6cDB650A8d156294dC0080116736bC575F3A256B,74460,78180,451382210952401000000,0,0,0,0
0,0x6cDB650A8d156294dC0080116736bC575F3A256B_71760_78720,0x6cDB650A8d156294dC0080116736bC575F3A256B_71760_78720,0x6cDB650A8d156294dC0080116736bC575F3A256B,71760,78720,128632832753047300000,635626289239672003854897062127076,997454119257201604940016201087436418,0,0
0,0x6cDB650A8d156294dC0080116736bC575F3A256B_72900_78960,0x6cDB650A8d156294dC0080116736bC575F3A256B_72900_78960,0x6cDB650A8d156294dC0080116736bC575F3A256B,72900,78960,92040266038844600000,0,0,0,0
0,0xC159F58fa1B428dA835FafBDf7087d3888d297d0_74100_77820,0xC159F58fa1B428dA835FafBDf7087d3888d297d0_74100_77820,0xC159F58fa1B428dA835FafBDf7087d3888d297d0,74100,77820,491113276120559260000,0,0,0,0
0,0xC159F58fa1B428dA835FafBDf7087d3888d297d0_71100_76980,0xC159F58fa1B428dA835FafBDf7087d3888d297d0_71100_76980,0xC159F58fa1B428dA835FafBDf7087d3888d297d0,71100,76980,62054458493545280000,0,0,0,0
0,0xC159F58fa1B428dA835FafBDf7087d3888d297d0_71220_77580,0xC159F58fa1B428dA835FafBDf7087d3888d297d0_71220_77580,0xC159F58fa1B428dA835FafBDf7087d3888d297d0,71220,77580,213288153670524500000,0,0,0,0
0,0xee1a97aA22F9aCB0034824f2A198B96BE30c3732_69840_77760,0xee1a97aA22F9aCB0034824f2A198B96BE30c3732_69840_77760,0xee1a97aA22F9aCB0034824f2A198B96BE30c3732,69840,77760,13487666862089640000,921943384409756722484902638170684,1646056482660610150359415007056151302,0,0
0,0xee1a97aA22F9aCB0034824f2A198B96BE30c3732_69000_78660,0xee1a97aA22F9aCB0034824f2A198B96BE30c3732_69000_78660,0xee1a97aA22F9aCB0034824f2A198B96BE30c3732,69000,78660,73742434138090045000,4586089676977307767667901904562041,8392565967465878007558349873792700714,0,0
0,0xee1a97aA22F9aCB0034824f2A198B96BE30c3732_69420_79620,0xee1a97aA22F9aCB0034824f2A198B96BE30c3732_69420_79620,0xee1a97aA22F9aCB0034824f2A198B96BE30c3732,69420,79620,102550447424300520000,0,0,0,0
0,0xee1a97aA22F9aCB0034824f2A198B96BE30c3732_74100_77340,0xee1a97aA22F9aCB0034824f2A198B96BE30c3732_74100_77340,0xee1a97aA22F9aCB0034824f2A198B96BE30c3732,74100,77340,269660985869307380000,479601268262200363645317836028481,977942696640779460053297183752524223,0,0
