episode,step_count,raw_reward,scaled_reward,fee_earned,impermanent_loss,cumulative_reward,price_lower,price_upper,curr_sqrtPriceX96,curr_price,tick,feeGrowthGlobal0X128,feeGrowthGlobal1X128,liquidity_raw,blockTimestamp,tickCumulative,secondsPerLiquidityCumulativeX128,scaled_curr_price,scaled_liquidity,scaled_feeGrowthGlobal0x128,scaled_feeGrowthGlobal1x128
1,1,-0.845588661456994,0.0,0.011376534121942812,0.8569651955789368,0.0,1570.6506,2683.9814,3639000456155652408798007160360,2109.6239758626907,76546,33864153164580253489522255241033947,68778723276114105113743703802428895939,48480644510250688490000,1697930067,326658680311216,38303348851357783163370921,0.31181377993314946,0.3545336694019214,-0.9944072740351494,-0.9944903161976938
1,2,1.4265420707106922,0.8489822916386458,0.019212117479295455,-1.4073299532313968,0.8489822916386458,1556.9355,2668.1936,3645565719292694333152659763183,2117.242952867859,76582,33864153164580253489522255241033947,68863570589443782439578652594387511441,48114664077437274690000,1697930073,326658680770564,38303348893575346931243433,0.13380273122098002,0.03582914804202474,-0.3034362150966217,-0.2975597300195349
1,3,-2.526667624139288,-1.2224059319842449,0.03551489036357733,2.562182514502865,-0.37342364034559905,1577.0498,2650.466,3633679552334519047443520377842,2103.459151318124,76517,33936943780573708691951703096574128,68863570589443782439578652594387511441,49300601746032595690000,1697930082,326658681459607,38303348956297278476262347,-0.1616858784900696,0.6314839409206485,-0.0730020840388123,-0.10662399508187671
1,4,-1.2247776918838842,-0.5350438747039206,0.016908143180688357,1.2416858350645725,-0.9084675150495196,1571.5779,2653.8628,3628164373774388789528380572196,2097.0787599182986,76486,33970880598887901906181067984245559,68863570589443782439578652594387511441,49534146664959914340000,1697930091,326658682148167,38303349018164452449046754,-0.3313183224195509,0.5147426946502681,-0.0613354598716451,-0.033700231460307074
1,5,-1.2010515306098373,-0.8241890863497854,0.016382466801197957,1.2174339974110353,-1.732656601399305,1570.428,2651.2566,3622881134288665245784148121915,2090.9757825322527,76457,34003487113824884061474533833202980,68863570589443782439578652594387511441,49436982842619790260000,1697930101,326658682912940,38303349086824237741943945,-0.7098098740287381,-0.2681917747052,-0.02353577447103109,-0.010656404308646842
1,6,0.9543374736290965,2.1755585356076645,0.012977421663834632,-0.9413600519652618,0.44290193420835955,1589.7275,2645.4548,3626851424539710685337710045171,2095.5612654054607,76479,34003487113824884061474533833202980,68914881321993033571054645661719424266,49225561176982883830000,1697930114,326658683906991,38303349176379878923864108,0.8131786321783118,-0.9938026030320265,-0.31378871968588046,0.23890501950266968
1,7,-2.5239507465327273,-2.2843061204393917,0.03404725505820416,2.5579980015909314,-1.8414041862310322,1567.8624,2653.0376,3615669537110251217038483686797,2082.6596019447393,76417,34072660931652274729188019776708438,68914881321993033571054645661719424266,48866232204229644730000,1697930122,326658684518699,38303349231777234968836072,-1.0455899390577228,-1.0364846225466824,0.9281633827748563,-0.5774961590536773
1,8,-2.076267673538978,-2.2297816872200924,0.0280991410899967,2.1043668146289747,-4.071185873451125,1603.2826,2639.2927,3607366008535904040566524411884,2073.1047652422076,76371,34124306001691479061634696345763417,68914881321993033571054645661719424266,49962929668014357530000,1697930130,326658685129943,38303349286800200820044976,-0.9888765257653978,1.0470191156739026,-0.4427991448692795,-0.1799398238457128
1,9,-1.7928719251799932,-2.3756267671012523,0.023299605744641457,1.8161715309246347,-6.446812640552377,1549.4343,2661.1365,3599732746950161736341346320222,2064.340581962404,76329,34171992430871698714642535161282539,68914881321993033571054645661719424266,50047249500848554640000,1697930138,326658685740785,38303349341174257337213132,-0.9885949079130122,0.4983545265620806,-0.5510889852444746,-0.05681924166275276
1,10,2.2401225207814326,2.9869313723535953,0.028468406999031273,-2.2116541137824015,-3.4598812681987816,1562.5471,2653.3062,3608540449233187459450979159095,2074.4548555496535,76378,34171992430871698714642535161282539,69028709185358630411628622549890973793,50240105221736900660000,1697930146,326658686351564,38303349395357179485561929,0.9906457144310763,0.9176282720186336,-1.0519789072611385,1.0537929860874293
1,11,1.8188252889332353,2.9273779774747704,0.025283020897754735,-1.7935422680354804,-0.5325032907240113,1520.0447,2608.019,3617294775000755640103658501146,2084.5323273132703,76426,34171992430871698714642535161282539,69141847228097553480903451826257322831,50047249500848554640000,1697930152,326658686809928,38303349436022793964565724,1.015180807427445,-0.9668334181129843,-0.31724135173764567,0.3000825404425896
1,12,1.3208874758890425,3.0209287698208573,0.019185672748283793,-1.3017018031407588,2.488425479096846,1489.6777,2590.43,3624402262744068921557781247387,2092.7320148611716,76466,34171992430871698714642535161282539,69233702074880656950897134432513018806,49433304291451159140000,1697930159,326658687345030,38303349483896308665254575,0.9826857225673576,-1.0491054404288438,-0.09986924636919377,-0.9089145584237288
1,13,-0.5356219202197728,-0.9518933734982897,0.008499388275732388,0.5441213084955052,1.5365321055985564,1436.8813,2559.2344,3620901706834306546402825575273,2088.6915209042627,76446,34193631023711419322309759677693253,69233702074880656950897134432513018806,49804858505192519140000,1697930167,326658687956698,38303349538647235805626943,-0.7401544238251521,0.8745528129059315,1.0511794005334008,-1.0508210833567737
1,14,-1.3858887333181653,-3.556403569885774,0.02430325006064356,1.4101919833788088,-2.0198714642872178,1420.2058,2498.1477,3610638906018586769635602085291,2076.8682521364317,76389,34257312076120192340096469413439151,69233702074880656950897134432513018806,49690323907495624130000,1697930173,326658688415260,38303349579645402513268725,-1.047137363307665,-0.632168984854954,1.041671163728854,-0.3169237698572287
1,15,0.634449969979576,3.63051221140557,0.01266085838977047,-0.6217891115898055,1.6106407471183521,1413.8276,2431.2336,3615959130180221680957108384543,2082.993231959821,76419,34257312076120192340096469413439151,69302458911736056034201563391395197750,49187387532526265970000,1697930179,326658688873654,38303349620830332840251038,0.8285549726389173,-1.049980535857413,-1.0252924335507003,1.0430954210879113
1,16,0.37593985714405037,3.6184639373219496,0.008246833018308043,-0.36769302412574234,5.229104684440301,1283.2571,2400.161,3620218794616394688610874192854,2087.9037290426245,76442,34257312076120192340096469413439151,69357509421601544541539768635700097886,49093997981289833050000,1697930186,326658689408656,38303349669260492046840291,0.9899380866031183,-0.730857228892006,-0.3098974514547346,-0.3208188663079797
1,17,1.6218367697934601,3.9787917010583285,0.03162938520570351,-1.5902073845877567,9.20789638549863,1310.1785,2459.6863,3636106068151252023400097098962,2106.269405243582,76530,34257312076120192340096469413439151,69562831348145632512293731584980269652,49399566981114747650000,1697930196,326658690173340,38303349738249674131835624,1.0492480495048622,1.023930359115968,-0.09757739175869472,1.052875325422231
1,18,0.5871505713557311,3.5501202631977202,0.018252501836921807,-0.5688980695188093,12.758016648696351,1225.7804,2328.3125,3646594981469182343624797926190,2118.4386552016063,76588,34257312076120192340096469413439151,69698386633013504856643250794068715182,48917026603340903350000,1697930203,326658690709166,38303349786639800867295258,0.9693497275853118,-1.0323699863965103,-0.030843468227592173,-0.7976111585120914
1,19,0.5878440655069674,4.075696560317865,0.01627666282402274,-0.5715674026829447,16.833713209014217,1219.3737,2360.8013,3656151754049838000525432285069,2129.5569535353798,76640,34257312076120192340096469413439151,69821895235889810479389754346146085147,48561287563006332150000,1697930210,326658691245386,38303349835454762618934012,0.9833644818411057,-0.9889746182309571,-0.00975314353674177,-0.6405780132963956
1,20,-0.772361752242674,-4.1924220565997246,0.024949208178653752,0.7973109604213278,12.641291152414492,1197.2168,2332.9893,3640870051153567370893537061844,2111.792239188615,76556,34350441621974402459781781574406212,69821895235889810479389754346146085147,48189733349264972150000,1697930218,326658691858254,38303349891691359432644136,-1.0208906073525486,-1.0015151436964396,1.0540900606175252,-1.0513093305370682
1,21,0.3828638760119832,4.317360669371894,0.02178294340370875,-0.36108093260827445,16.958651821786386,1148.7438,2223.1167,3654759254735997291907293089391,2127.9351161026852,76632,34350441621974402459781781574406212,70001394759923980642778826909840618093,48323526050980292950000,1697930226,326658692470930,38303349948041887154500036,0.9879358813533139,0.5794640415956797,-0.9944908304316443,1.025482537429237
1,22,0.2202002229153131,4.333059535063416,0.019595239068511513,-0.2006049838468016,21.291711356849802,1101.2401,2200.9907,3668160187486870974830461981310,2143.568756454899,76706,34350441621974402459781781574406212,70174584031441225728786908874972072837,48605139816834087710000,1697930235,326658693160840,38303350011174756209728641,1.0133982267873527,1.0372428778283698,-0.30135932447735486,0.19813612097703473
1,23,0.15314391647091283,4.500944642774737,0.013718566558668635,-0.1394253499122442,25.79265599962454,1107.9276,2218.2532,3677592398951281295895506725889,2154.606763274181,76757,34350441621974402459781781574406212,70296482847194280684360372037748456214,48064174851966847010000,1697930242,326658693697884,38303350060384381272500865,0.9645303486311487,-1.037319684938821,-0.09491109409153771,-0.9956128863917101
1,24,0.06673354358463782,4.544589195561602,0.0118510703664522,-0.05488247321818562,30.337245195186142,1091.1522,2189.816,3685939006238891948485280875790,2164.3979865934766,76802,34350441621974402459781781574406212,70404351669660207521434828953082358088,47930382150251526210000,1697930249,326658694235318,38303350109988546491732342,0.9793500919231424,-0.7891682420977042,-0.030001364209400312,-0.79017196823211
1,25,0.0491715152005376,4.752326090231018,0.011922482118659832,-0.03724903308187777,35.08957128541716,1091.3636,2186.2087,3694402050704409734503057015090,2174.348463289351,76848,34350441621974402459781781574406212,70513725288127587734034101164366287365,48087010973813951580000,1697930257,326658694849872,38303350166630775459704397,0.9977936432923595,0.9156982504761856,-0.009486880135587773,-0.052482166846306716
1,26,0.0034459038499036294,4.773749046798092,0.002900726376519401,-0.0005451774733842285,39.86332033221525,1084.5522,2170.9924,3706895630081269309998733310972,2189.0795771002645,76916,34350441621974402459781781574406212,70675188221428265575381370349752162507,47744367896647006080000,1697930263,326658695310960,38303350209118323525786743,1.0265391427717563,-1.0443358501983129,-0.003000002761639072,1.0528346140491789
1,27,0.0,4.978564349496798,0.0,0.0,44.84188468171205,1066.6484,2131.0657,3715464828447532738254773287636,2199.212227771908,76962,34350441621974402459781781574406212,70785933738186654905619938621401504146,48343264742492466580000,1697930272,326658696003204,38303350272997996673641031,0.9652127384638604,1.0320594674348473,-0.0009486837871399047,-0.9911242981437254
1,28,0.0,5.090746595402103,0.0,0.0,49.932631277114154,1063.5707,2133.0303,3731980364143651699916961971276,2218.8070267903367,77051,34350441621974402459781781574406212,70999375119402557215944705011050288410,47341633056194325780000,1697930278,326658696464976,38303350315231267686697683,1.0346360754793231,-1.035165626469422,-0.0003000001425136274,1.04150206653374
1,29,0.0,5.188833143660139,0.0,0.0,55.121464420774295,1061.479,2121.8787,3719193333676977432572268273137,2203.628304331628,76982,34425177083408678496286486569983112,70999375119402557215944705011050288410,47553155709135739030000,1697930287,326658697158435,38303350379857556723968990,-0.9387806400241149,0.37810045729866704,1.054092545205368,-1.0417705582277208
1,30,0.0,5.284598342586825,0.0,0.0,60.40606276336112,1061.3127,2120.4539,3734758929835601662292220466956,2222.112186800095,77065,34425177083408678496286486569983112,71200539792754716579039357521737858450,47840366929935066270000,1697930297,326658697928255,38303350451286990361249962,1.0174235997330296,0.9964494518960458,-0.9944903167110174,0.9916680396194237
1,31,0.0,5.3786214960392895,0.0,0.0,65.78468425940041,1057.7673,2115.8372,3726094182048201014726117765439,2211.81341943603,77019,34475687930111165989703913472778226,71200539792754716579039357521737858450,48070875256199962670000,1697930305,326658698544775,38303350508087637342654479,-0.8815083337865325,0.9840376899933216,0.937156229782299,-1.000416357593804
1,32,0.0,5.47101214914196,0.0,0.0,71.25569640854236,1058.3068,2116.23,3732779028960176901596123211170,2219.7568028083815,77055,34475687930111165989703913472778226,71286932567676591277682106162180391732,47789261490346167910000,1697930311,326658699006889,38303350550601933476243286,0.9583631665634208,-0.9964158450611078,-0.9987189096037066,0.7850649222916881
1,33,0.0,5.5618539228384325,0.0,0.0,76.8175503313808,1057.5427,2115.1008,3747786268795272775029816158243,2237.64127278481,77135,34475687930111165989703913472778226,71480881226538071346158403235050787594,47502050269546840670000,1697930318,326658699546274,38303350600488329296639839,1.0449539385178765,-1.016787458253321,-0.3025352181096531,1.0219498417507378
1,34,0.0,5.651222896671362,0.0,0.0,82.46877322805216,1057.6694,2115.1401,3752549516100981728876581031237,2243.332745653239,77161,34475687930111165989703913472778226,71542439876690869954587380806427624484,47863282105364481170000,1697930326,326658700163354,38303350657634377179258086,0.828943419251889,1.006609267427702,-0.09527841397905332,-1.0072776253633928
1,35,0.0,5.739189046324516,0.0,0.0,88.20796227437667,1057.6643,2115.8362,3746675925711024944788339387894,2236.3155934157926,77129,34509578293092048620595107518900534,71542439876690869954587380806427624484,48799479454299497070000,1697930334,326658700780642,38303350714100927259816028,-0.9484786520310515,1.0474572992314906,1.052896034108152,-0.9261662789807913
1,36,0.0,5.825816932321121,0.0,0.0,94.03377920669779,1057.3318,2114.5088,3758602968421054008236519351281,2250.576280225496,77193,34509578293092048620595107518900534,71696581075419766761170036981135680379,49307613285639177370000,1697930342,326658701397674,38303350769741796498749596,1.0406239012158849,0.9391171856024316,-0.9945315717544285,1.0373105701436818
1,37,0.0,5.911166274095787,0.0,0.0,99.94494548079358,1057.1025,2114.2166,3772219662237203054018490535186,2266.9126262444406,77265,34509578293092048620595107518900534,71872558772370636134179238191590783326,48542180958182162970000,1697930350,326658702015218,38303350825060325640437761,1.0233980444424515,-1.00833649915616,-0.3013706611210147,0.6452745689248184
1,38,0.0,5.995292446967479,0.0,0.0,105.94023792776106,1057.3544,2114.5986,3778036482854865671587283738534,2273.9092446624313,77296,34509578293092048620595107518900534,71947733459390373734244245373527174392,48692306291909151240000,1697930358,326658702633338,38303350881075763437058778,0.8807202888527444,0.3408550211026635,-0.0949146355433385,-1.034769895524213
1,39,0.0,6.0782469149386555,0.0,0.0,112.01848484269972,1057.5372,2115.2756,3787373473580565157540251985063,2285.16255320786,77345,34509578293092048620595107518900534,72068401673462393590500309787705062793,48842748757261703630000,1697930370,326658703560890,38303350964802695470689751,1.0167417225127044,0.9459586955630875,-0.03000248275420784,0.793399248334834
1,40,0.0,6.160077609246908,0.0,0.0,118.17856245194663,1057.3605,2114.609,3775986094447601141077285490499,2271.441755529126,77285,34574173513748480218851056041515243,72068401673462393590500309787705062793,48862367517126306310000,1697930377,326658704102305,38303351013580210918627312,-1.0045417822868143,0.5652188429945421,1.054078042569527,-1.0455124337559394
1,41,0.0,6.240829260802853,0.0,0.0,124.41939171274949,1057.1764,2114.2268,3790407495334542303974290329834,2288.8252550845796,77361,34574173513748480218851056041515243,72254779141381905189657482426208142387,48195825363729978900000,1697930383,326658704566015,38303351055364805183528926,1.0208506095050702,-1.0535686055070705,-0.99449454630727,1.0308124086267323
1,42,0.0,6.320543693236686,0.0,0.0,130.73993540598616,1057.0349,2114.0588,3783200612084959957063121001501,2280.1298233854945,77323,34614944135858275334524959480865689,72254779141381905189657482426208142387,48571249755361523890000,1697930391,326658705184903,38303351111763320161651083,-0.8457828636033421,0.8722375706952334,0.9207107057258317,-0.9996818906129331
1,43,0.0,6.3992600821415735,0.0,0.0,137.13919548812774,1057.1254,2114.1743,3778924673635868308841980914092,2274.9785316541893,77301,34639207385341954817075436183104048,72254779141381905189657482426208142387,48775723673246960120000,1697930398,326658705726164,38303351160745456058340683,-0.9516403094361249,0.9421010391750234,-0.7556171528627564,-0.3028028660856269
1,44,0.0,6.477015185184231,0.0,0.0,143.61621067331197,1057.0784,2114.1208,3763458934680851175284318928236,2256.395347741902,77219,34727426030557157979719919599629171,72254779141381905189657482426208142387,49204796543138515720000,1697930405,326658706267271,38303351209459073563164364,-1.0481020502276888,1.036688044550821,1.049696685502248,-0.09536201565748958
1,45,0.0,6.553843547005506,0.0,0.0,150.17005422031747,1057.1119,2114.136,3770794989196563132244078753191,2265.2006371653933,77258,34727426030557157979719919599629171,72349587910368833895675570789165382032,49054671209411527450000,1697930410,326658706653366,38303351244058408249845664,0.7893469870972002,-0.6162273532377134,-1.0243382520517361,1.0520472594979977
1,46,0.0,6.629777682221714,0.0,0.0,156.79983190253918,1057.0464,2114.0693,3776552502668326240850137530768,2272.12325156489,77288,34727426030557157979719919599629171,72423996131233935112093486922384174879,49449405220250196050000,1697930417,326658707194172,38303351292505250211588662,0.9846361408014876,1.0427912641506978,-0.3096339432532458,-0.36117913123667106
1,47,0.0,6.704848239333404,0.0,0.0,163.5046801418726,1057.0955,2114.2197,3790929126678067719398170905676,2289.4552692176253,77364,34727426030557157979719919599629171,72609794917438733614948755838943613537,48479997005617650140000,1697930422,326658707580612,38303351326912374564783941,1.0435628756363893,-1.0450367900105333,-0.09749513104295655,1.0497064520953476
1,48,0.0,6.779084147931078,0.0,0.0,170.28376428980368,1057.053,2114.0725,3800026667230698884559931665820,2300.457007134187,77412,34727426030557157979719919599629171,72727368555796560960350842978552608110,48275523087732213910000,1697930428,326658708044796,38303351369026531487876328,0.9608474077007433,-0.7461307480223308,-0.030817488478119742,-0.8989348135123291
1,49,0.0,6.852512751240397,0.0,0.0,177.13627704104408,1057.0846,2114.1646,3783468012614831916503895429233,2280.4521586422593,77325,34820857560792773933617294117720584,72727368555796560960350842978552608110,48054273920741496420000,1697930435,326658708586680,38303351418412721785055093,-1.025596312614543,-0.9315107042880986,1.0540451069345047,-1.0388349974377264
1,50,0.0,6.925159925759585,0.0,0.0,184.06143696680365,1057.0516,2114.0496,3779339333993006915379033591818,2275.477824573895,77303,34844280977766305911659742771623495,72727368555796560960350842978552608110,48788524393772002020000,1697930442,326658709127955,38303351467768046718865055,-0.7878660921697528,1.0457377407705972,-0.9476845812572848,-0.313630515535114
1,51,0.0,6.99705018949843,0.0,0.0,191.05848715630208,1057.0255,2114.0427,3783970569585586254623155742645,2281.0580224900286,77327,34844280977766305911659742771623495,72787221129749016654452022065656384207,49127296393345791620000,1697930449,326658709669076,38303351516542427148374218,0.9071779703456783,0.9229300876592312,-0.8539819546973557,1.0287035079918965
1,52,0.0,7.0682068001233285,0.0,0.0,198.1266939564254,1057.0204,2114.036,3798672458165589585621239002105,2298.8176793564257,77405,34844280977766305911659742771623495,72977223528868024235830578684154565849,48308726087481088910000,1697930456,326658710210365,38303351565133327259246071,1.0490088361790915,-1.0355121068699962,-0.26160396374358663,1.0439613171151298
1,53,0.0,7.138651844139414,0.0,0.0,205.26534580056483,1057.031,2114.0437,3807106504947108690147020668224,2309.0369649899785,77449,34844280977766305911659742771623495,73086222390752353055706539481340253533,48087110078464081830000,1697930462,326658710674795,38303351607429256064121130,0.9497449645047977,-0.8086708933983973,-0.08247283957327335,-0.8860933533129614
1,54,0.0,7.208406318093494,0.0,0.0,212.47375211865833,1057.0509,2114.0981,3819522661955713173962186850636,2324.1224979595722,77514,34844280977766305911659742771623495,73246684742690038457671322230737214026,47796005519666733950000,1697930468,326658711139489,38303351649930598091406191,1.0202997029388632,-0.9839098537488662,-0.02607222286024411,0.9169743966171618
1,55,0.0,7.277490202656093,0.0,0.0,219.7512423213144,1057.0482,2114.0642,3813084962903445894656248741638,2316.2946129030206,77481,34880139321191643175446551367305146,73246684742690038457671322230737214026,47457233520092944350000,1697930474,326658711604573,38303351692698257741928115,-0.7997771651452981,-1.0114938658627366,1.0540342821179163,-1.048413912413628
1,56,0.0,7.34592253033349,0.0,0.0,227.0971648516479,1057.0444,2114.043,3825198536738350469170633312641,2331.035000273713,77544,34880139321191643175446551367305146,73403236608663748941584715964325851785,47822345837638165450000,1697930480,326658712069459,38303351735665284573491027,1.036879589364169,0.9877561673432712,-0.9944942611340847,0.9943362820248072
1,57,0.0,7.413721447468607,0.0,0.0,234.51088629911652,1057.0093,2114.0178,3840255208908086737611289943056,2349.4218655733193,77623,34880139321191643175446551367305146,73597824114849137007479061904603601061,48020100619180972820000,1697930487,326658712612267,38303351785444842376885478,1.0274335607173282,0.9502414019978452,-0.3013602791059067,0.7810072708468049
1,58,0.0,7.480904271110283,0.0,0.0,241.9917905702268,1057.0447,2114.075,3829736247571424307370295029426,2336.568745298334,77568,34938160831819616529809934034569581,73597824114849137007479061904603601061,48452158155245860520000,1697930495,326658713233251,38303351842008451556852707,-0.9075572371607342,1.037832696478171,1.052081008274397,-1.046891825220575
1,59,0.0,7.547487541262097,0.0,0.0,249.5392781114889,1057.0197,2114.0273,3844186778807457732500162223134,2354.234902239914,77643,34938160831819616529809934034569581,73784578053871975576275181290702731472,46901108169105318420000,1697930501,326658713698659,38303351884200129988863999,1.0247801107090477,-1.0491591182209217,-0.9949569749831196,0.9920018649008853
1,60,0.0,7.613487068962582,0.0,0.0,257.15276518045147,1057.0088,2114.015,3831612677151588503874447884267,2338.8589713217975,77578,35007413420173339025912192212652634,73784578053871975576275181290702731472,47488148991855178920000,1697930507,326658714164517,38303351927825870834679142,-0.9810150891631578,0.7105196241524387,1.0167749370954726,-1.000471501318262
1,61,0.0,7.678917980597299,0.0,0.0,264.8316831610488,1057.0326,2114.0405,3839904043338417845026082859895,2348.9922074902324,77621,35007413420173339025912192212652634,73891732958420397580829571901304335025,46391451528070466120000,1697930513,326658714629985,38303351970989029353829766,0.9305922774205208,-1.0347108758360342,-0.9998069605099976,0.892610822784933
1,62,0.0,7.743794758798364,0.0,0.0,272.5754779198471,1057.0105,2114.017,3835293474052304382619637265356,2343.3547283748244,77597,35032810319927386407028186169034709,73891732958420397580829571901304335025,46695710202509309920000,1697930520,326658715173332,38303352022238604101486105,-0.8801108171148438,0.5332515647312516,0.7103369904850597,-0.9970508205831877
1,63,0.0,7.808131280248045,0.0,0.0,280.3836092000952,1057.0637,2114.0774,3839446068838645402134449802852,2348.431925583955,77618,35032810319927386407028186169034709,73945399735153220408276412888121650589,46187576371169629620000,1697930526,326658715638914,38303352066042153036247899,0.9814065269513484,-1.0214749319078629,-0.9847358349171296,0.8440110503796776
1,64,0.0,7.871940850668705,0.0,0.0,288.2555500507639,1057.01,2114.0168,3834725466013795093908885546700,2342.660676789056,77594,35058820283136603527661018082530360,73945399735153220408276412888121650589,45970987806362332350000,1697930532,326658716104622,38303352110281266120724660,-1.0112268321886324,-0.9037608851594507,0.9992017131615732,-0.9944683595082895
1,65,0.0,7.935236237251484,0.0,0.0,296.1907862880154,1057.0326,2114.031,3840358215157555894247358690593,2349.547903228241,77623,35058820283136603527661018082530360,74018195542652793045892307986921675974,46494197855958114490000,1697930540,326658716725374,38303352169331560910204373,1.0162473940258723,1.034196158783593,-0.9998456604825026,1.0241922631552478
1,66,0.0,7.998029698749669,0.0,0.0,304.18881598676506,1057.0073,2114.014,3846312976195854760843473298218,2356.839849743373,77654,35058820283136603527661018082530360,74095152926549448920039014611834672770,44677451605310447990000,1697930546,326658717191112,38303352213345105948683715,1.0194293630855713,-1.0497936375852674,-0.30284837743017284,0.4681263472374215
1,67,0.0,8.060333013439491,0.0,0.0,312.24914900020457,1057.0317,2114.049,3863469921307420030217071980241,2377.9126836037603,77743,35058820283136603527661018082530360,74316883673249869892950503438093855689,44373192930871604190000,1697930552,326658717657036,38303352259043643536779967,1.0467626212414538,-0.6860224339966955,-0.09537623125722021,1.0525903580058502
1,68,0.0,8.122157505130563,0.0,0.0,320.37130650533516,1057.0431,2114.0566,3877525243045918030754861207951,2395.2458705103513,77816,35058820283136603527661018082530360,74498530053996931406911372544047005909,43849982881275822050000,1697930559,326658718201237,38303352312815675666687589,0.9928185919910412,-0.9756230384887916,-0.030148273926387078,-0.509384808930312
1,69,0.0,8.183514067390007,0.0,0.0,328.55482057272513,1057.0398,2114.07,3890287716082924569221851241090,2411.0392266843505,77882,35058820283136603527661018082530360,74663468081008039372174612277836636729,44229860344558361050000,1697930566,326658718745949,38303352367003413925231615,0.9888129069980856,0.901965545320697,-0.009533331395055767,-0.7966720978418541
1,70,0.0,8.244413186128252,0.0,0.0,336.7992337588534,1057.0446,2114.0957,3871593084324337214430451007797,2387.9225863247334,77785,35159511273585096552004510914181102,74663468081008039372174612277836636729,44032105563015553680000,1697930572,326658719213241,38303352413198957946588658,-1.0149760917309,-0.8551144207307829,1.054092198107718,-1.0528657044276122
1,71,0.0,8.304864960680192,0.0,0.0,345.10409871953357,1057.0271,2114.0266,3889345952611795854532102810407,2409.872035978067,77877,35159511273585096552004510914181102,74892900343911240133029976734174143372,44194766095525008980000,1697930581,326658719913306,38303352482666088719687902,0.9937556144000544,0.9642992589671104,-0.9944905644936949,1.0230237660189658
1,72,0.0,8.364879123502563,0.0,0.0,353.46897784303616,1057.0077,2114.0144,3905205610393990915963757614153,2429.5656661861062,77958,35159511273585096552004510914181102,75097865373500847996445725615327394600,43848104905136362180000,1697930588,326658720458445,38303352536563343505425052,1.0077756656250976,-1.0421060286352648,-0.3013592504773273,-0.04849702686915638
1,73,0.0,8.42446505859729,0.0,0.0,361.8934429016334,1057.0314,2114.0547,3884178214775216909457177593026,2403.472341237276,77850,35271968549243299469884417732519751,75097865373500847996445725615327394600,44182094403917676830000,1697930597,326658721160067,38303352606290339860030755,-1.0097355084304394,0.9939452046740062,1.0498625961155401,-1.0481213288549494
1,74,0.0,8.483631818760108,0.0,0.0,370.3770747203935,1057.0139,2114.0195,3889131103215343926641267075251,2409.6057982825178,77876,35271968549243299469884417732519751,75161874883644525006155416064395945402,45218889207369916030000,1697930608,326658722016417,38303352690480547233756288,0.45119736201133487,1.0494123290702848,-0.9950306687253723,0.584303337066927
1,75,0.0,8.542388141744997,0.0,0.0,378.9194628621385,1057.0167,2114.0298,3899333252406406946536761373252,2422.264359299202,77928,35271968549243299469884417732519751,75293724122735383158397719905654148953,44984126909183166530000,1697930617,326658722717301,38303352758246854966827847,1.0311627229658065,-0.37265388042617836,-0.3015095301492739,0.9968814610258085
1,76,0.0,8.600742465426649,0.0,0.0,387.5202053275652,1057.0519,2114.0718,3878696157866394911790565456503,2396.6926966049527,77822,35382660888527798667894503287497579,75293724122735383158397719905654148953,44650137410401851880000,1697930630,326658723730365,38303352856698504406500442,-1.038559669641561,-1.000894969391815,1.048639846831382,-1.0348622475798783
1,77,0.0,8.658702942035971,0.0,0.0,396.17890826960115,1057.021,2114.021,3896184764738390324004544517358,2418.354259801464,77912,35382660888527798667894503287497579,75519741157543270280929034379874294379,45045380457175170780000,1697930641,326658724586407,38303352940396668692376455,0.9770234747049792,1.0038499274315509,-0.9950370464788452,1.035947987539893
1,78,0.0,8.716277451537065,0.0,0.0,404.8951857211382,1057.0072,2114.0134,3876466149955992882891395631360,2393.9375917776088,77810,35488573088266054940407343796686636,75519741157543270280929034379874294379,45428889405304899780000,1697930649,326658725209703,38303353000702822316215111,-1.011906608055609,1.013630234520157,0.9954681264331153,-0.9992740927336368
1,79,0.0,8.773473614208235,0.0,0.0,413.66865933534643,1057.0144,2114.0203,3889962191769855582781669851499,2410.6357505876545,77880,35488573088266054940407343796686636,75694159587481050066681878569280163224,44863592043836996530000,1697930657,326658725832183,38303353060626341711114063,0.9379539515558848,-1.0192645974523826,-0.9999394572288907,0.9635973214830331
1,80,0.0,8.830298802484217,0.0,0.0,422.49895813783064,1057.0084,2114.014,3877713679617969845243920969700,2395.478680284612,77817,35554446073240244014625648245453657,75694159587481050066681878569280163224,44952401523375217410000,1697930666,326658726533103,38303353128859771452343219,-0.9871477117011817,0.21971359659451137,0.9154174202726781,-0.9995307129333987
1,81,0.0,8.886760152112053,0.0,0.0,431.3857182899427,1057.0474,2114.0518,3893437971502012419419085066961,2414.9456033947636,77898,35554446073240244014625648245453657,75897375192480210789915643817554163722,45112487502253580810000,1697930674,326658727155639,38303353189364745471794864,1.0211927526815787,0.9986008274815237,-0.9980132277885887,1.014226658548802
1,82,0.0,8.942864572668682,0.0,0.0,440.32858286261137,1057.0068,2114.013,3907841737500884118820366412809,2432.8468279020485,77972,35554446073240244014625648245453657,76083524752874566021101477978631746746,44728978554123851810000,1697930680,326658727623027,38303353234622595671778594,1.0097293885473373,-1.0426031231848027,-0.3023390425806957,0.028503348316751345
1,83,0.0,8.99861875748438,0.0,0.0,449.32720162009576,1057.0302,2114.0515,3925152367441592058107198854875,2454.44820828338,78060,35554446073240244014625648245453657,76307241672037552034121468592887617305,45041798183532186810000,1697930691,326658728480719,38303353318148226602695745,1.0160909194045813,0.9700724933961089,-0.09521713605754477,0.9366968995619549
1,84,0.0,9.054029193012592,0.0,0.0,458.38123081310835,1057.0353,2114.0542,3905773711164103562589034951396,2430.272588513475,77961,35656988876757822311348514145488857,76307241672037552034121468592887617305,44881712204653823410000,1697930700,326658729183259,38303353386168491319117992,-0.9935344304232857,-0.8569864766015679,1.0538693833039734,-1.0521335428274203
1,85,0.0,9.109102167683542,0.0,0.0,467.4903329807919,1057.0255,2114.0251,3898315450012835395006082005036,2421.0000073979395,77923,35696726204123362846775438705503897,76307241672037552034121468592887617305,45337241742603369710000,1697930708,326658729806947,38303353446670214042150634,-0.8882088039553433,1.0470108738550017,-0.8971792710945354,-0.3172837598551
1,86,0.0,9.163843780275933,0.0,0.0,476.65417676106784,1057.0121,2114.0195,3882480091979422186832459985253,2401.371253812884,77841,35781602573787182326146590039564619,76307241672037552034121468592887617305,45174581210093914410000,1697930715,326658730352408,38303353499236310582467368,-1.032225334252573,-0.6785002928989116,0.9467148116731082,-0.09988247680515698
1,87,0.0,9.218259947838533,0.0,0.0,485.8724367089064,1057.1023,2114.0776,3867838210120276371670722932798,2383.2929670917383,77766,35860700388756714141856168784844213,76307241672037552034121468592887617305,45479355007300129210000,1697930728,326658731364341,38303353597008765395416474,-1.0001490922205996,1.0338952348860657,-0.13330123348976464,-0.031571441909412544
1,88,0.0,9.272356413190824,0.0,0.0,495.1447931220972,1057.0359,2114.0444,3879892195295074252642155482463,2398.171016131269,77828,35860700388756714141856168784844213,76463023433659093886224989689424998105,45612837223204662660000,1697930741,326658732375299,38303353694210745155237953,0.9343425448429227,0.9117433916281529,-1.0524159811371425,1.053975426443347
1,89,0.0,9.326138752029852,0.0,0.0,504.4709318741271,1057.0073,2114.0134,3893257144934712778866222028330,2414.7212894664776,77897,35860700388756714141856168784844213,76635747671216569679791182410482657302,46132096554852156260000,1697930749,326658732997923,38303353753724660892804520,1.0208501702860955,1.0476440404286627,-0.3173612129345041,0.5807153974669385
2,1,0.0,9.379612379668204,0.0,0.0,9.379612379668204,1057.1112,2114.2036,3888145527034700432927328535230,2408.3846776252185,77871,35888093912858338474734122587369042,76635747671216569679791182410482657302,45984443022975647160000,1697930755,326658733465305,38303353797982224584886192,-1.0060303710837253,-0.9797351529550926,1.0491847142495598,-0.31608274888087373
2,2,0.0,9.432782557426327,0.0,0.0,18.81239493709453,1057.0524,2114.0415,3881841124516868687465395671490,2400.5808972382583,77838,35921979014351205685077685232560251,76635747671216569679791182410482657302,46469489321870605620000,1697930769,326658734555499,38303353901272498873383441,-1.0244386815481947,1.0485634263388002,0.7676959016240842,-0.09950776837084756
2,3,0.0,9.485654398700634,0.0,0.0,28.298049335795163,1057.0369,2114.0437,3876045540988364433961819492073,2393.418120200388,77808,35953226542419655655439452438656968,76635747671216569679791182410482657302,47003428187460241920000,1697930786,326658735878745,38303354025342571735136212,-0.9973016530948362,1.0207687820629463,-0.4150240904121555,-0.031453107512839994
2,4,0.0,9.538232874727244,0.0,0.0,37.836282210522405,1057.0266,2114.0342,3865642925798163590211108295751,2380.588344702503,77754,36009548410671324223799764042462716,76635747671216569679791182410482657302,47608002444575874320000,1697930801,326658737045865,38303354133567667439301850,-1.0343544098508544,1.0133747551572474,1.0524832646157023,-0.009945903157146075
2,5,0.0,9.590522820059906,0.0,0.0,47.426805030582315,1057.0323,2114.037,3848194662387800978840802440204,2359.1464315685057,77664,36104700551965321443673287932816200,76635747671216569679791182410482657302,48260933137620117820000,1697930814,326658738056667,38303354226196203036373458,-1.0350671461908194,1.0087775693105019,1.0354000633424563,-0.0031451567359445233
2,6,0.0,9.642528937779185,0.0,0.0,57.0693339683615,1057.033,2114.0378,3859209445596289683860604188372,2372.671046737807,77721,36104700551965321443673287932816200,76778099126541511317642699343837308053,48027388218692799170000,1697930820,326658738522651,38303354268535809316141197,0.8825243317634809,-0.5927901403133582,-1.0430121007306574,1.0540917143231825
2,7,0.0,9.694255804448904,0.0,0.0,66.7635897728104,1057.0115,2114.018,3846890145967276347849281249022,2357.547227841531,77657,36172017281714876408867155422954522,76778099126541511317642699343837308053,47598315348801243570000,1697930826,326658738988977,38303354311046848896906499,-1.0086980648458985,-1.0327953212922756,0.9429289029041439,-0.9944903737680894
2,8,0.0,9.745707874834697,0.0,0.0,76.5092976476451,1057.0221,2114.022,3836357215246577371012210738790,2344.6547950632894,77602,36229915544006693982829686705087567,76778099126541511317642699343837308053,47598315348801243570000,1697930833,326658739532576,38303354361090144568011778,-1.002864816675418,-0.31196724202945725,-0.1814894644374645,-0.3013591974059214
2,9,0.0,9.796889486398445,0.0,0.0,86.30618713404354,1057.2087,2114.1846,3846696865581651375072616405348,2357.3103319734823,77656,36229915544006693982829686705087567,76911725385441867252989120174741478988,47673038416948836520000,1697930844,326658740386198,38303354439695992811181487,0.9707559586252498,0.8728751439416983,-1.0473796799131547,1.0481013285636844
2,10,0.0,9.847804863581532,0.0,0.0,96.15399199762507,1057.0071,2114.0132,3835788008519225546289854137468,2343.9590859830982,77599,36289892140306215717689387459042777,76911725385441867252989120174741478988,47891793022181964520000,1697930858,326658741473382,38303354539527897538795803,-1.0053256712052467,1.0467253667617942,0.9972564647811416,-0.9950343172655416
2,11,0.0,9.898458121888895,0.0,0.0,106.05245011951396,1057.0126,2114.018,3830595218732276767262447821603,2337.6170003831658,77572,36318561963041763009927979186364620,76911725385441867252989120174741478988,47802983542643743640000,1697930864,326658741938976,38303354582159297882900325,-0.9290611788061464,-0.7141614863821882,-0.8639264051575248,-0.3015105452582504
2,12,0.0,9.948853271785122,0.0,0.0,116.00130339129909,1057.0582,2114.0579,3825720411612004543249558987862,2331.6710935740657,77547,36345547003381010053143000461838678,76911725385441867252989120174741478988,47646354719081318270000,1697930871,326658742481980,38303354632011734047553433,-0.9770211166714506,-1.0356877318914999,-0.4146169902235042,-0.09495833365373295
2,13,0.0,9.998994222413033,0.0,0.0,126.00029761371212,1057.08,2114.0667,3840259894221773520244038061975,2349.4275984137366,77623,36345547003381010053143000461838678,77099628902923467512693727008873966157,48496657748329873670000,1697930879,326658743102356,38303354688895969026154261,1.0447776494206626,1.0520067862434614,-1.045908002610457,1.0538257106096336
2,14,0.0,10.04888478514459,0.0,0.0,136.04918239885671,1057.0056,2114.0107,3833893125112916190958595238935,2341.6438213714273,77589,36380627328254282684313113490408424,77099628902923467512693727008873966157,48183838118921538670000,1697930887,326658743723340,38303354745074440836099099,-0.7845473736295677,-0.6910543621454983,1.0176131467984577,-0.9945404501076793
2,15,0.0,10.098528676973212,0.0,0.0,146.14771107582993,1057.0487,2114.0464,3844655371828998922503180646896,2354.8088833425636,77646,36380627328254282684313113490408424,77238716659223543929588360424496687254,47147043315469299470000,1697930895,326658744344052,38303354801882389576607476,1.0325066466536674,-1.0483919481189155,-1.0002104483177647,0.9561899688312478
2,16,0.0,10.147929523756178,0.0,0.0,156.2956405995861,1057.0067,2114.012,3831290575529093307401072664978,2338.465759028169,77576,36454231928978796581248571047852388,77238716659223543929588360424496687254,47571836213185285370000,1697930906,326658745198158,38303354881145661838875282,-1.0179823935172374,0.7244822610490624,1.0423210914642438,-0.9992866856800835
2,17,0.0,10.197090863315044,0.0,0.0,166.49273146290116,1057.0199,2114.0251,3823891260987389249587167717812,2329.4419928586635,77537,36495203818157136185871346223432075,77238716659223543929588360424496687254,46918905520141041870000,1697930916,326658745973918,38303354952874961865183181,-0.9543269624602987,-1.0258654861354166,-0.7913152580924837,-0.30269303176288215
2,18,0.0,10.246016148401681,0.0,0.0,176.73874761130284,1057.0378,2114.0378,3814211986421099042467555093116,2317.664057497101,77487,36549040411891113357568373259627304,77238716659223543929588360424496687254,47168667006181509670000,1697930926,326658746749288,38303355025323796557443178,-1.0132676716757059,0.7178209995380512,0.7284095300583467,-0.095327708373939
2,19,0.0,10.294708749536941,0.0,0.0,187.03345636083978,1057.0771,2114.0813,3807919123400086174716213551455,2310.022787843638,77453,36584188431589450673051724612556044,77238716659223543929588360424496687254,46564092749065877270000,1697930934,326658747369184,38303355083130752592778659,-0.9528827282515328,-1.042620141917809,-1.0183970158802913,-0.0301329484580369
2,20,0.0,10.343171957728604,0.0,0.0,197.37662831856838,1057.0293,2114.029,3816349946172458456312522981455,2320.263001242137,77498,36584188431589450673051724612556044,77347673855068210935989403416831497819,46641195834921040330000,1697930947,326658748376073,38303355178108351417327298,0.9998083970797775,0.10374090286551581,-1.0414049114925557,1.0540050997847168
2,21,0.0,10.391408987074817,0.0,0.0,207.7680373056432,1057.0111,2114.0188,3797538297171778772841017327263,2297.445178749832,77399,36689486799176518268707730497931674,77347673855068210935989403416831497819,46827537809300574160000,1697930959,326658749306049,38303355265541187433681891,-1.043562567612534,1.0050345167011048,1.0470371727918941,-0.9944953885290803
2,22,0.0,10.43942297725887,0.0,0.0,218.20746028290205,1057.0118,2114.0168,3803384274270304266604867043517,2304.524053866642,77430,36689486799176518268707730497931674,77423225350909731393980180148110071825,46886567077275597060000,1697930972,326658750312236,38303355359981035232477307,0.6042894750145604,0.8223953015465129,-0.9979840074959497,0.9428325628355605
2,23,0.0,10.487216995940818,0.0,0.0,228.69467727884287,1057.0145,2114.024,3796765451786755063507952112101,2296.5101576441893,77395,36726669581405379071789348353854711,77423225350909731393980180148110071825,46491833066436928460000,1697930979,326658750854246,38303355410845618602471632,-0.9922540954055952,-1.0506053241552564,0.6922025050973206,-0.9989018036379562
2,24,0.0,10.534794041051091,0.0,0.0,239.22947131989397,1057.0243,2114.0242,3809676226890339427708239135156,2312.1551259738103,77463,36726669581405379071789348353854711,77590079985320681815098389354921365422,46242071580396460660000,1697930985,326658751318616,38303355454760733728348588,1.0392278022034689,-0.9699005068358574,-0.9829951392238222,1.0433457009261562
2,25,0.0,10.582157042991005,0.0,0.0,249.811628362885,1057.007,2114.0122,3815201465519024192518823183233,2318.8667057029697,77492,36726669581405379071789348353854711,77661486362089378763011807689611326642,46767437476786722530000,1697930993,326658751938320,38303355513465148606021823,0.9108429140064016,1.033689982763282,-0.2981560047435841,-0.8865418929072181
2,26,0.0,10.629308866744681,0.0,0.0,260.4409372296297,1057.0165,2114.0398,3825834767925189612297440389666,2331.810489696249,77547,36726669581405379071789348353854711,77798907684304901090146215389735865651,45831240127851706630000,1697930999,326658752403272,38303355557270096649338573,1.0298936897491386,-1.0373111170549345,-0.09391028032106578,0.9373313941786151
2,27,0.0,10.676252313906804,0.0,0.0,271.1171895435365,1057.0217,2114.0303,3835376563210399286848615647288,2343.4562640105823,77597,36726669581405379071789348353854711,77922222725513835527565524621502776052,45991773586828162610000,1697931007,326658753023648,38303355616589802581983608,0.9973482619569953,0.2578745016747632,-0.029685259557016012,-0.3930730485509996
2,28,0.0,10.722990124630163,0.0,0.0,281.8401796681666,1057.146,2114.268,3846795487025101904498509638456,2357.4312067582123,77657,36726669581405379071789348353854711,78069797161841809369413301822025399576,45559716050763274910000,1697931014,326658753566827,38303355668451328900086427,1.0137565157724127,-1.0297573047872757,-0.009386931085178069,1.009529175369179
2,29,0.0,10.769524979496925,0.0,0.0,292.60970464766353,1057.0226,2114.03,3839057973914567145192973759270,2347.957186035493,77616,36769172891609082060564201060126864,78069797161841809369413301822025399576,45198484214945634410000,1697931020,326658754032769,38303355713264913762001423,-0.890992407432689,-0.9977853549811524,1.0540881959076065,-1.0526002792837819
2,30,0.0,10.815859501317197,0.0,0.0,303.42556414898075,1057.0217,2114.022,3823251376297124941688104282533,2328.662446866876,77534,36856535581785813993294346124993590,78069797161841809369413301822025399576,45500611224356238410000,1697931029,326658754731313,38303355780872552920911043,-1.0427373744427348,0.9370205417707851,1.0167022962794017,-0.3174117499819717
2,31,0.0,10.861996256858347,0.0,0.0,314.2875604058391,1057.0293,2114.0342,3813527219095522288788995775033,2316.831949496283,77483,36910640580637376124034125766413787,78069797161841809369413301822025399576,47017319181387532610000,1697931037,326658755351585,38303355840219117035622167,-0.9561625366461337,1.0521780869920228,-0.916558835724551,-0.09992240672965465
2,32,0.0,10.907937758508265,0.0,0.0,325.1954981643473,1057.0109,2114.0168,3797621535080654701899784979701,2297.5458948523687,77399,36999736731821602725320550649781976,78069797161841809369413301822025399576,46561789643437986310000,1697931044,326658755893966,38303355890951606807769555,-1.0265006822590086,-0.5530424754291724,1.003770547268588,-0.03158405186617637
2,33,0.0,10.953686465875679,0.0,0.0,336.14918463022303,1057.0974,2114.075,3785117750894968324475064433000,2282.441322779932,77333,37070302734752084083067430904368703,78069797161841809369413301822025399576,46485576017295727440000,1697931051,326658756435759,38303355942134215004520182,-0.9817554572845226,-0.5327115318514009,-0.8646479206754232,-0.009987305844752407
2,34,0.0,10.999244787330381,0.0,0.0,347.1484294175534,1057.0828,2114.0728,3773577172437739988007901430596,2268.5445093341327,77272,37135847810914384242963054298509258,78069797161841809369413301822025399576,47401349957071481440000,1697931060,326658757131756,38303356007591486501803515,-0.9874967031796803,1.0512558795142557,-0.7830962696377362,-0.0031582492397824718
2,35,0.0,11.044615081486105,0.0,0.0,358.1930444990395,1057.0133,2114.019,3788468024217609139321254808763,2286.4835676643906,77351,37135847810914384242963054298509258,78262241659547289999458902257155026716,47644390016360980030000,1697931068,326658757749932,38303356064922999335422883,1.0034135657714647,0.7990240863750355,-1.053158275938934,1.0540922190216369
2,36,0.0,11.08979965862866,0.0,0.0,369.28284415766814,1057.0068,2114.013,3798925338732405141332172065251,2299.123757689757,77406,37135847810914384242963054298509258,78397388571819210571420900648994740689,48069639249482314690000,1697931076,326658758368740,38303356121870480155775395,0.9850038081712462,1.0086826516656315,-0.3175647455440977,-0.5588578434036062
2,37,0.0,11.134800782091745,0.0,0.0,380.4176449397599,1057.0228,2114.0522,3805165461845389317587692621220,2306.6830525296696,77439,37135847810914384242963054298509258,78478033881829082436971128864845820869,47535700383892678390000,1697931083,326658758910582,38303356171502613561118855,0.9284180529227607,-1.0066794319988333,-0.09997013719525387,-0.9822935644920475
2,38,0.0,11.179620669582787,0.0,0.0,391.5972656093427,1057.0148,2114.0286,3809601898739349441597474175082,2312.0649049006415,77462,37135847810914384242963054298509258,78535368941117928633212532083297184762,47891414554345783990000,1697931091,326658759530094,38303356228663947234002861,0.9375940574927375,0.9326808928396351,-0.03159912523293064,-0.872072400340281
2,39,0.0,11.224261494461036,0.0,0.0,402.8215271038037,1057.0297,2114.065,3814426281909730240190041552560,2317.9244934170865,77488,37135847810914384242963054298509258,78597717691188615671795582786537045546,48376951112363612690000,1697931099,326658760149790,38303356285363638704023589,0.9967118793718158,1.0310749145039886,-0.00999207181969491,0.19525544968382028
2,40,0.0,11.26872538696991,0.0,0.0,414.0902524907736,1057.0585,2114.1033,3797849644388784394933885112803,2297.821913586604,77401,37228674866004082060072442191305225,78597717691188615671795582786537045546,48834835563332706230000,1697931109,326658760924670,38303356355505554222643566,-1.0475971996768887,1.0017240644264112,1.0540895702713529,-1.0523432550561767
2,41,0.0,11.313014435425686,0.0,0.0,425.4032669261993,1057.01,2114.0146,3804243667342668161999050271736,2305.5656082377127,77434,37228674866004082060072442191305225,78680351952402670122343384595546249859,49061599367178338100000,1697931118,326658761621279,38303356418153368670162332,0.7206201808025144,0.8996844368885297,-0.9944908728868969,1.0207789192260726
2,42,0.0,11.357130687364341,0.0,0.0,436.76039761356367,1057.01,2114.0173,3818006293982027024636509993062,2322.277489738406,77506,37228674866004082060072442191305225,78858215637427057388452518947850606785,48542340035530844500000,1697931127,326658762318185,38303356480649931272641972,1.0416368173510464,-1.031725910987314,-0.30135933629097433,1.0243825823082457
2,43,0.0,11.40107615064836,0.0,0.0,448.161473764212,1057.0154,2114.0227,3821421463481040538640095876516,2326.433857082291,77524,37228674866004082060072442191305225,78902352170953315403225091602442453338,48147096988757525600000,1697931138,326658763170751,38303356557817604612452277,0.7679693437808726,-0.9926264394581369,-0.09491109778199357,-1.0173492272291922
2,44,0.0,11.444852794535189,0.0,0.0,459.6063265587472,1057.019,2114.0354,3808836113394028294471846712192,2311.135481031176,77458,37298819297737661401781673730108567,78902352170953315403225091602442453338,48630597671689625200000,1697931148,326658763945991,38303356628282374011769862,-1.038547735073184,0.9980206877231007,1.053169376323673,-0.8570196150571441
2,45,0.0,11.488462550708983,0.0,0.0,471.09478910945614,1057.0133,2114.0183,3815978388072018315279000315913,2319.8112237280307,77496,37298819297737661401781673730108567,78994656592701608493646448625523046092,48553494585834462140000,1697931155,326658764488197,38303356677263400001364895,0.8816558859016261,-0.23273400379413836,-0.9945392449568535,1.021771802487624
2,46,0.0,11.531907314277113,0.0,0.0,482.6266964237333,1057.015,2114.024,3811605270297721918928565768325,2314.4972551040546,77473,37323209897159595537376741491891341,78994656592701608493646448625523046092,48716573234706906440000,1697931166,326658765340653,38303356754285430733393972,-0.906664056960383,1.0102989079365743,0.684643804821052,-0.9985929618842234
2,47,0.0,11.575188944732972,0.0,0.0,494.20188536846626,1057.0151,2114.022,3806998625297058449837574493992,2308.9061073057283,77449,37348963573424613678670735938976562,78994656592701608493646448625523046092,48233072551774806840000,1697931174,326658765960437,38303356810234973816134836,-1.0152859659916091,-1.0474564779972588,0.3572783937491524,-0.3025002078709997
2,48,0.0,11.618309266886394,0.0,0.0,505.82019463535266,1057.0742,2114.059,3820905777713828189197446307067,2325.806013285456,77522,37348963573424613678670735938976562,79174388081599843375833134627439001213,48283657563434323990000,1697931183,326658766657478,38303356873714825661946977,1.0463461075235403,0.027143959464898445,-1.0470355379362162,1.0526964745037077
3,1,0.0,11.661270071763063,0.0,0.0,11.661270071763063,1057.085,2114.159,3807812398974397133861961932498,2309.8933037907764,77453,37421968973231058942272693570561695,79174388081599843375833134627439001213,48224628295459301090000,1697931189,326658767122610,38303356916008861088964392,-1.0478586961503484,-1.0220640162979866,1.0533758398862592,-0.3014760582194713
3,2,0.0,11.70407311747412,0.0,0.0,23.365343189237183,1057.0388,2114.0315,3813480250348367063220024289083,2316.77488000777,77483,37421968973231058942272693570561695,79247637538840935188117196883000554616,48505178991992003360000,1697931196,326658767664781,38303356965320598925060655,0.7664579264361869,1.051515865932296,-0.9948387879014643,1.022664853023007
3,3,0.0,11.746720130057199,0.0,0.0,35.11206331929438,1057.0077,2114.014,3803665050590157909876688349470,2304.864319072532,77431,37476862419891488219473078957728695,79247637538840935188117196883000554616,46988471034960709160000,1697931202,326658768129679,38303357007412891829756578,-1.0330627480078747,-1.0522957676281541,0.9591617849734604,-0.9938893382250484
3,4,0.0,11.789212804290031,0.0,0.0,46.90127612358441,1057.0177,2114.0183,3818584426979100212216645572036,2322.9808342542424,77509,37476862419891488219473078957728695,79440450679263869284150508349046436214,46937886023301192010000,1697931208,326658768594265,38303357050863852385731135,1.0302741519563399,-0.4105861664649521,-0.9993666823076794,1.046703511918333
3,5,0.0,11.831552804477656,0.0,0.0,58.73282892806206,1057.0103,2114.0173,3831473906126874013519405273074,2338.689559637478,77577,37476862419891488219473078957728695,79607030091707688023778651346195215432,46412520126910930140000,1697931214,326658769059319,38303357094361640089934099,1.0052241978242378,-1.010461980373728,-0.3027152650842406,-0.13423166007851028
3,6,0.0,11.873741765214378,0.0,0.0,70.60657069327644,1057.0264,2114.0479,3844185323482931713080672865476,2354.2331197171898,77643,37476862419891488219473078957728695,79771308291798183331019801804018319017,46412520126910930140000,1697931221,326658769602358,38303357145683493803829941,0.9998153355225053,-0.3057946866710873,-0.09533465308438625,-0.16855455939926436
3,7,0.0,11.915781292121322,0.0,0.0,82.52235198539776,1057.1277,2114.22,3833654480968125801012057480769,2341.352314969551,77588,37534830772530387239058242265474412,79771308291798183331019801804018319017,46820962916155053540000,1697931229,326658770223502,38303357204209124813544840,-0.9364692447300696,1.0428091711361682,1.053611512628481,-1.0533795848292302
3,8,0.0,11.957672962560649,0.0,0.0,94.48002494795841,1057.0104,2114.0154,3829004638501475411494606739464,2335.6761033541943,77564,37560527895570007109711917418835486,79771308291798183331019801804018319017,47309089715919059240000,1697931238,326658770921794,38303357269393781275328249,-0.9100373302650718,1.0241031037349244,-0.866791636629209,-0.3176254195053843
3,9,0.0,11.999418326327277,0.0,0.0,106.47944327428569,1057.0106,2114.0173,3811687044993663616053575181388,2314.5965672448224,77473,37656784278489848549887653202147377,79771308291798183331019801804018319017,47412119098469095950000,1697931246,326658771542306,38303357326904505824485899,-1.04727049249176,0.7078444557096281,1.0424389591299905,-0.09998906565366669
3,10,0.0,12.041018906318957,0.0,0.0,118.52046218060464,1057.044,2114.0461,3826788299966122948885599782024,2332.9729722558804,77552,37656784278489848549887653202147377,79966471971543229113982434257307372636,47225777124089562120000,1697931255,326658772239563,38303357391526885838802911,0.9692440434521717,-0.9684084129577859,-1.0243491953052593,1.0536755343654902
3,11,0.0,12.08247619918557,0.0,0.0,130.6029383797902,1057.007,2114.012,3833332958241028274724704904371,2340.959600176324,77587,37656784278489848549887653202147377,80051052994374364977502736697432721192,46658879241526083420000,1697931264,326658772937531,38303357456463364709010150,0.9118368755714392,-1.0487939119345202,-0.30963696571892607,-0.8727593508468373
3,12,0.0,12.123791675958376,0.0,0.0,142.7267300557486,1057.0125,2114.0254,3842085043419538139296760740592,2351.66134040024,77632,37656784278489848549887653202147377,80164162080473179993608738735392918498,46354105444319868620000,1697931270,326658773403053,38303357500269207426951007,1.0093245099399186,-0.9386207191425469,-0.09749607459186149,0.5138024167705947
3,13,0.0,12.164966782660017,0.0,0.0,154.89169683840862,1057.0398,2114.059,3835363570452058384300255395857,2343.4403866077528,77597,37693787204643292986547721578899825,80164162080473179993608738735392918498,45868568886302039920000,1697931276,326658773868845,38303357544392510044974402,-0.9251884860014248,-1.023303794765149,1.0504922281939937,-1.0473876705191183
3,14,0.0,12.206002940895939,0.0,0.0,167.09769977930455,1057.0181,2114.019,3827720194812364926194913854124,2334.1093561026782,77557,37736023284920503489362964330586175,80164162080473179993608738735392918498,46380305923977408620000,1697931284,326658774489621,38303357603577917204719558,-1.0218343657796636,0.9886241979885415,0.6388373198750212,-0.3159814542494928
3,15,0.0,12.24690154842797,0.0,0.0,179.3446013277325,1057.0304,2114.0374,3813525651966200529571237617669,2316.83004534072,77483,37814909238499923780454537825285400,80164162080473179993608738735392918498,46541844451486880540000,1697931292,326658775110077,38303357662221273713696659,-1.0375872985517072,0.8445885731042038,1.0460762356656497,-0.0994761632927795
3,16,0.0,12.28766397973067,0.0,0.0,191.63226530746317,1057.0343,2114.038,3819805983699628781337952555021,2324.4673048474433,77516,37814909238499923780454537825285400,80245327033541701552185955016087423066,46927883349833776340000,1697931302,326658775884907,38303357735154050671760356,0.7412240111048775,1.0333612073315956,-1.0409792631277197,1.0529811111985943
3,17,0.0,12.328291586531092,0.0,0.0,203.96055689399427,1057.0072,2114.0132,3812517583986719531697117795904,2315.6053447829827,77478,37855509062169131098457578367893765,80245327033541701552185955016087423066,46416146312158407640000,1697931309,326658776427519,38303357786072174605083941,-1.005259975919556,-1.015431671243167,0.8525438709452903,-0.9945414186278477
3,18,0.0,12.368785698332564,0.0,0.0,216.32934259232684,1057.0201,2114.0208,3803271292702139966976302968333,2304.3871416560914,77429,37907239188048840105361089939033529,80245327033541701552185955016087423066,46599321512953857160000,1697931321,326658777357255,38303357873959169211279539,-1.0277304783979029,0.6963404563219108,0.785083949501537,-0.3013734010860249
3,19,0.0,12.409147622923063,0.0,0.0,228.7384902152499,1057.0531,2114.0583,3791696015685126227431112848898,2290.381657240547,77368,37972354886130410217789130109078192,80245327033541701552185955016087423066,46111194713189851460000,1697931330,326658778054116,38303357939757197708876914,-1.0209472344290997,-1.0443001306040927,0.9741336109719979,-0.094915491479963
3,20,0.0,12.44937864686873,0.0,0.0,241.18786886211862,1057.0487,2114.0378,3797239760087958976376193772819,2297.0839733736802,77397,37972354886130410217789130109078192,80316972572882372685015562204887640609,45899672060248438210000,1697931336,326658778518324,38303357984034823006267343,0.7609985659628654,-0.9098984503265654,-1.0507568023353346,1.053415885075348
3,21,0.0,12.489480035993038,0.0,0.0,253.67734889811166,1057.0094,2114.015,3782700743859586652485583668499,2279.527323403246,77321,38054467550072702740867854980979416,80316972572882372685015562204887640609,46462011355545048970000,1697931346,326658779292294,38303358057991487654623385,-1.0448642766628242,1.037984433303223,1.0185462775730127,-0.9945439971211131
3,22,0.0,12.529453035842144,0.0,0.0,266.2068019339538,1057.0095,2114.0144,3769561333996995545924838906853,2263.7187112421193,77251,38129220474281924633408141630682924,80316972572882372685015562204887640609,46300472828035577050000,1697931352,326658779756220,38303358101960342187845939,-1.0067139880387221,-0.5595081200861739,0.009150099567219742,-0.3013741185696568
3,23,0.0,12.569298872136915,0.0,0.0,278.7761008060907,1057.1595,2114.1348,3764181704495583104432257921511,2257.2621094512874,77222,38159976916608888561512535855261533,80316972572882372685015562204887640609,45738133532738966290000,1697931358,326658780219726,38303358146147318389309305,-0.8609233930431086,-1.0475248621843474,-1.0377311470350434,-0.09491571561436984
3,24,0.0,12.60901875121204,0.0,0.0,291.38511955730274,1057.0267,2114.0286,3769601124216802242340833133380,2263.7665015988823,77251,38159976916608888561512535855261533,80387011380703637382808935328762461352,45457582836206264020000,1697931364,326658780683058,38303358190832008501090998,0.9200397496279505,-0.9275829698543446,-0.9780872623493362,1.053540891068437
3,25,0.0,12.648613860442746,0.0,0.0,304.0337334177455,1057.0082,2114.0137,3773053913630906462758240407401,2267.915422640277,77270,38159976916608888561512535855261533,80431634101707306272967637756855618731,45835166451399031880000,1697931371,326658781223815,38303358243108659044455573,0.9660618622772007,0.9939324775536249,-0.2967856591274441,-0.6741469307437011
3,26,0.0,12.688085368659491,0.0,0.0,316.721818786405,1057.02,2114.0466,3779647689683960160798130365321,2275.8491514640505,77304,38159976916608888561512535855261533,80516849906637136545827032955426420780,45479452280945926280000,1697931378,326658781764705,38303358295135045036234594,1.034868344030084,-0.992157499755522,-0.09348206463334756,1.0261354664155642
3,27,0.0,12.727434426551067,0.0,0.0,329.449253212956,1057.0198,2114.028,3766493381405768173901432181493,2260.035441547538,77235,38234936059499210987283950110618644,80516849906637136545827032955426420780,45260697675712798280000,1697931384,326658782228529,38303358340063881165549618,-1.0372720733197676,-0.9682554815738681,1.053945062672743,-1.0416921642628691
3,28,0.0,12.76666216705651,0.0,0.0,342.2159153800125,1057.0159,2114.017,3762316169729323259135700307147,2255.025258107395,77213,38258849337391451088233068305568213,80516849906637136545827032955426420780,45618439651562092510000,1697931392,326658782846409,38303358400092162960636729,-0.8475626974165609,1.020263074969515,-0.9259195545502584,-0.31441646042266974
3,29,0.0,12.805769705746172,0.0,0.0,355.0216850857587,1057.0101,2114.0168,3745492457846272020866748378033,2234.903040155859,77123,38355700030110865124164344403775886,80516849906637136545827032955426420780,45455361002689648210000,1697931402,326658783618539,38303358474712086716374469,-1.04618242127456,-0.8082297940980646,1.027579848255638,-0.09898783305565717
3,30,0.0,12.844758141192358,0.0,0.0,367.86644322695105,1057.058,2114.0454,3736335760922284333343252696189,2223.988953316961,77074,38408779813440883387954155730134329,80516849906637136545827032955426420780,45757603775451722210000,1697931410,326658784235523,38303358534501813166710692,-0.9392262553734165,1.0364887144598653,-0.902801559269587,-0.031288907925718944
3,31,0.0,12.883628555329834,0.0,0.0,380.7500717822809,1057.0109,2114.0166,3731403553941926673211686062409,2218.1212077348523,77048,38437478915004101697011165246780835,80516849906637136545827032955426420780,44907300746203166810000,1697931419,326658784929189,38303358601572292585710660,-0.8864893899924294,-1.0473964898553627,-0.9482445092909164,-0.009893985586410593
3,32,0.0,12.922382013806562,0.0,0.0,393.67245379608744,1057.0332,2114.0332,3720246164214343363363178854989,2204.8760886458617,76988,38502681352272937735966055826827829,80516849906637136545827032955426420780,45075901012119537210000,1697931433,326658786007861,38303358707543079929957664,-1.0349894374555948,0.33101814906946825,1.01160544171943,-0.0031287391766373976
3,33,0.0,12.961019566325009,0.0,0.0,406.6334733624125,1057.0764,2114.0715,3703535427205158630624149656696,2185.1126903423933,76898,38601071712043849012818930209324474,80516849906637136545827032955426420780,44618016561150443670000,1697931445,326658786931717,38303358798209719941381217,-1.031068061493999,-1.034836094782357,1.0085995326817259,-0.0009893937644442075
3,34,0.0,12.99954224697426,0.0,0.0,419.63301560938675,1057.0468,2114.0361,3699660006694466516925565675117,2180.5420307229297,76877,38624016584098888151464641249550286,80516849906637136545827032955426420780,44966962133117144220000,1697931456,326658787777595,38303358881924427728425960,-0.7368200729459097,0.9517801475620039,-1.0394744873780886,-0.00031287376605893544
3,35,0.0,13.037951074553343,0.0,0.0,432.6709666839401,1057.0138,2114.0215,3688935242135132127116673965663,2167.9182199566967,76819,38687765095173975389674964247984917,80516849906637136545827032955426420780,44589378517924376360000,1697931468,326658788700119,38303358972797142407739703,-1.0278138608452094,-1.0077648960564487,0.8697716328597025,-9.893937165025908e-05
3,36,0.0,13.076247052885952,0.0,0.0,445.74721373682604,1057.0604,2114.046,3695587845259795348934812883624,2175.7444912895967,76855,38687765095173975389674964247984917,80602825973398508507883652881961612217,45134155837919794710000,1697931478,326658789468309,38303359048835472053006336,0.8783305803778303,1.0283518186003837,-1.0308808909846845,1.054092552853998
3,37,0.0,13.114431171126926,0.0,0.0,458.86164490795295,1057.0063,2114.012,3712220460115365727140323416646,2195.3731714769206,76944,38687765095173975389674964247984917,80817780447375354659802974948481250295,45598406932972359210000,1697931486,326658790083149,38303359108996781170611123,1.0463858383265532,1.0036884324441857,-0.31143949052952574,1.0340930217537423
3,38,0.0,13.152504404060657,0.0,0.0,472.0141493120136,1057.0164,2114.0273,3707445679547110016602433201012,2189.729280522137,76919,38715909365029097444525871946690698,80817780447375354659802974948481250295,45113360634077400750000,1697931492,326658790544813,38303359153772341082755223,-0.514876564289564,-0.9804738501104491,1.026212716648843,-1.0293839912918379
3,39,0.0,13.190467712391793,0.0,0.0,485.2046170244054,1057.0327,2114.0342,3692203239865360451957283485427,2171.7610035887824,76836,38806240863493097029446711456050204,80817780447375354659802974948481250295,44930185433281951230000,1697931499,326658791083246,38303359206602895646606524,-1.0455992551502744,-0.8835440022238151,1.0442319555407824,-0.3110266609408971
3,40,0.0,13.228322043028381,0.0,0.0,498.4329390674338,1057.0426,2114.0354,3673764573029805314948906407752,2150.123848075159,76736,38916516029812864214425302795864762,80817780447375354659802974948481250295,45545885311952463530000,1697931506,326658791621098,38303359259515576270602783,-1.0228659715403974,1.0433152074095562,0.8294981496738673,-0.09792988253272443
3,41,0.0,13.266068329357736,0.0,0.0,511.6990073967915,1057.026,2114.0317,3661920596982888466310788977404,2136.2824793824143,76672,38987936449949665090917295412640730,80817780447375354659802974948481250295,45926542431364096430000,1697931514,326658792234986,38303359319161318810573957,-0.9530713428062964,0.9681293101776791,-1.0114584591258045,-0.030954791955691712
4,1,0.0,13.303707491515272,0.0,0.0,13.303707491515272,1057.067,2114.0967,3665398040562038917870584449468,2140.3417312828383,76691,38987936449949665090917295412640730,80862721790743869334566964915549480571,45545885311952463530000,1697931520,326658792695018,38303359363616966752651990,0.9511023306328601,-1.0449494999692932,-0.3142292671246008,1.0539700631610114
4,2,0.0,13.341240436646492,0.0,0.0,26.644947928161763,1057.0161,2114.0237,3650124449927724666247457297972,2122.5414309999915,76607,39080546358706024381136572423121388,80862721790743869334566964915549480571,45121092414236477630000,1697931527,326658793231855,38303359415985696513150858,-1.0508635402940911,-1.0202844071006176,1.050156776960303,-0.9944830519588225
4,3,0.0,13.378668059162342,0.0,0.0,40.023615987324106,1057.015,2114.0164,3645129409167175143222441820123,2116.736189676706,76580,39111001704757284919076776340891340,80862721790743869334566964915549480571,45046369346088884680000,1697931533,326658793691497,38303359461247425646502412,-0.8506341648224091,-0.6588346096910299,-0.9234311196726631,-0.3013571600335899
4,4,0.000610023749182495,13.419164976002461,0.014790794878316013,0.014180771129133518,53.44278096332657,1057.0518,2114.0552,3630986541048657551961235289840,2100.3424537398123,76502,39197686918906725388893900093552006,80862721790743869334566964915549480571,45428737086747335050000,1697931544,326658794533643,38303359544005601524825987,-1.038760982304994,1.0424049199687064,0.9868479834811633,-0.09491041794102302
4,5,0.013931821218782713,13.48084333464139,0.005430544033195471,-0.008501277185587242,66.92362429796796,1057.0221,2114.027,3634783681835095381159731630809,2104.737659301428,76523,39197686918906725388893900093552006,80911794796248557990770556339095842825,45776280330463216650000,1697931553,326658795222203,38303359611092483233922751,0.4615913562153213,0.9994052121444925,-1.0314139744900783,1.0536504564413198
4,6,-0.033631888705453,-13.461538849236753,0.02115375304194786,0.05478564174740086,53.46208544873121,1057.0096,2114.0164,3619878057092213395562253963986,2087.5107176210995,76441,39289588460872894192540707785619006,80911794796248557990770556339095842825,46389726777279043350000,1697931562,326658795910664,38303359677461528565634097,-1.0472932171187563,1.0338664936791084,1.0054260694850354,-0.9945445696997964
4,7,0.08174964886406313,13.562953211799423,0.023775154683976313,-0.05797449418008682,67.02503866053063,1057.009,2114.014,3636326559903645719484251250507,2106.5248593499387,76531,39289588460872894192540707785619006,81124369866388776304204027259905062060,45473952837503289350000,1697931569,326658796446021,38303359729214951519565605,1.0063458568335928,-1.0232493970878755,-1.0002833330305463,1.0514368636156988
4,8,-0.003993221890561534,10.678409937269965,0.008367506586956034,0.012360728477517569,77.70344859780059,1057.0063,2114.0112,3630436599077344491553180883982,2099.70627457233,76499,39325782395416849483559227676951192,81124369866388776304204027259905062060,45851668738868519790000,1697931577,326658797058205,38303359788795957310170187,-0.6993622015436898,0.7650190268017087,0.7454450761387178,-0.9967222834080174
4,9,-0.06037171056062318,-13.636115017859417,0.02370086751141587,0.08407257807203905,64.06733357994116,1057.0299,2114.0405,3613796893963407422024806267551,2080.50284053825,76407,39428671207637372014330545600527569,81124369866388776304204027259905062060,45549541729457915790000,1697931584,326658797593514,38303359840862540581199971,-1.0462089528737966,-0.9551729972798912,1.03756772808429,-0.30198007879296773
4,10,-0.1404949525189069,-13.669702292039894,0.024867955556601234,0.16536290807550813,50.39763128790127,1057.0382,2114.032,3596611138851902941215737863420,2060.7618339511787,76312,39535935832664472493512858143558151,81124369866388776304204027259905062060,45163502831111019990000,1697931592,326658798204485,38303359900844685052301706,-1.0125812546961097,-1.0271375070120046,0.4768935183288462,-0.09510500663352697
4,11,0.06359835743160656,13.613306254158676,0.007279093286234088,-0.05631926414537247,64.01093754205995,1057.0804,2114.063,3601534506750428238537119517326,2066.407611364771,76339,39535935832664472493512858143558151,81187997862708763461549309672476261648,44781135090452569620000,1697931599,326658798738750,38303359953739602947515509,0.46085074346247445,-1.0049205781552804,-1.0511735178269577,1.0482257735920304
4,12,-0.1350383182434525,-13.732851514387526,0.01813657112416698,0.15317488936761947,50.27808602767242,1057.0121,2114.017,3589165626288460409235430374581,2052.2385068747135,76270,39613559550104173153778900516082360,81187997862708763461549309672476261648,44612534824536199220000,1697931606,326658799272985,38303360006984283475147275,-1.0370883746942732,-0.8778590774004184,0.941964572955317,-0.9942463600335399
4,13,-0.15783713335835695,-13.758106216606322,0.016458803823893826,0.17429593718225078,36.5199798110661,1057.0199,2114.021,3578080583226969528906555077366,2039.5815138524565,76208,39683582256541404199698755873520590,81187997862708763461549309672476261648,44385771020690567350000,1697931613,326658799806751,38303360060460028920483430,-1.0049785014472936,-1.0027780497151764,-0.03997636380791795,-0.3012912959734796
4,14,0.17321014150358796,13.799045276527306,0.01484333576426824,-0.15836680573931972,50.3190250875934,1057.0731,2114.0623,3587937365617346737810859138238,2050.8341400651407,76263,39683582256541404199698755873520590,81315383694234717776543335198569385893,44036825448723866800000,1697931620,326658800340317,38303360114273055457572526,0.9529465794528131,-1.0294027018961016,-1.0481064719710582,1.052778644294252
4,15,0.20316592606142267,13.829315804161954,0.021488819939157383,-0.18167710612226529,64.14834089175535,1057.0063,2114.0112,3602347894458782463178391300468,2067.3410914395868,76344,39683582256541404199698755873520590,81501620655394290124005094914458190540,44603614946555682600000,1697931629,326658801026927,38303360183279787355119580,1.0342250829828736,1.0276201331811214,-0.31617880154261957,0.9191884723861835
4,16,-0.06432391057140835,-13.296979260002148,0.00953475549018818,0.07385866606159652,50.85136163175321,1057.018,2114.0305,3595850787634446010431487740421,2059.8906042957015,76307,39724271331660650848605991240273880,81501620655394290124005094914458190540,44225899045190452160000,1697931636,326658801561261,38303360236845058074421444,-0.7495279435480267,-0.9323409979555971,1.0365328535002458,-1.0432052207619704
4,17,0.16879885140183487,13.925216730923166,0.021025346796296255,-0.14777350460553862,64.77657836267637,1057.0248,2114.026,3610061097527880141814939048108,2076.2035852333333,76386,39724271331660650848605991240273880,81685270052360162258678110341076669510,43923656272428378160000,1697931644,326658802171954,38303360298569333081165001,1.040681523573867,-0.9956191094417784,-0.9947624545679696,0.9963805003099954
4,18,0.03351209010906596,13.425239760414739,0.005232845104496939,-0.02827924500456902,78.20181812309112,1057.0065,2114.0117,3613647222685499006249368408076,2080.330509286894,76406,39724271331660650848605991240273880,81731615960899788742064968449186440644,44401732705332152860000,1697931652,326658802783102,38303360360082650725342678,0.7895732957933735,1.0220872946055612,-0.3014349042125642,-0.9578973809383596
4,19,0.09710658700294884,13.993259782838752,0.020189401218439384,-0.07691718578450946,92.19507790592986,1057.0149,2114.0361,3627531359981996842191058838415,2096.347059897097,76483,39724271331660650848605991240273880,81911050009911720720115087697981546513,43993289916088029460000,1697931659,326658803318098,38303360413908749748480489,1.0431669976279845,-0.9794747649528097,-0.09493470436839115,0.995791897814597
4,20,-0.01516740852694477,-6.422061603748779,0.007492752086439281,0.02266016061338405,85.77301630218109,1057.0201,2114.029,3622301952458890997067272543645,2090.3072768151037,76454,39756556405715227517693489620120228,81911050009911720720115087697981546513,43426500418256213660000,1697931666,326658803853421,38303360468321990244187320,-0.6715844857381889,-1.0325601689386672,1.0532524689041016,-1.0244992462760678
4,21,-0.08277145358962218,-14.070719090098653,0.02136205576088184,0.10413350935050403,71.70229721208244,1057.0234,2114.025,3607427421396599986260620791626,2073.1753521344617,76372,39848899868463407312478896347450264,81911050009911720720115087697981546513,44001452642391475760000,1697931675,326658804541261,38303360538285427434633262,-1.046111234680433,0.9858059496594865,1.04064610864111,-0.309678408118357
4,22,0.10679544033957072,14.093789136722199,0.017437888646842196,-0.08935755169272852,85.79608634880464,1057.02,2114.025,3619347269142275404320117125414,2086.8985730785967,76438,39848899868463407312478896347450264,82065098223274735502453342169948427769,43653909398675594160000,1697931683,326658805152435,38303360600351399756652120,0.9547635386500317,-0.9082531752775099,-1.0259875950798718,1.0468047585302165
4,23,-0.05402947419988871,-13.881998176190248,0.013778473371393348,0.06780794757128206,71.91408817261438,1057.0074,2114.013,3609794475854721442488461040577,2075.896919824027,76385,39908214628057188442769670595163742,82065098223274735502453342169948427769,44156709285285853160000,1697931692,326658805840218,38303360670009053544757637,-0.9697366666213324,1.0274085554697892,0.9232034705505647,-0.9950550672768994
4,24,-0.12127230157417462,-14.171849548810119,0.020003353767412854,0.14127565534158748,57.74223862380427,1057.0103,2114.0156,3596037075519083333407824371066,2060.1040406287507,76308,39994190158451957352799751356132262,82065098223274735502453342169948427769,44497161444549091620000,1697931700,326658806451144,38303360731376659665906717,-1.033436764593831,0.9802917628755686,0.912994588186969,-0.30151631837802656
4,25,0.10623874961291827,14.182101724413297,0.012466186423045336,-0.09377256318987293,71.92434034821757,1057.0233,2114.0288,3604464086391150338229240141025,2069.7707154945847,76355,39994190158451957352799751356132262,82174006155366704085091926088717088276,43952384124553673270000,1697931707,326658806985394,38303360785158054128386748,0.8727995137354484,-1.019905689396512,-1.0439239250761683,1.0435175733437054
4,26,0.03960878985457127,14.061133693995021,0.005337345107693343,-0.03427144474687793,85.98547404221259,1057.0072,2114.0122,3608101970820439678207104941507,2073.950746798974,76375,39994190158451957352799751356132262,82221020983803289861603769921201670042,43594642148704379040000,1697931715,326658807596274,38303360847244070484878384,0.8987522777700846,-0.9772489143212755,-0.3150299695605914,-0.8750688780553434
4,27,0.07506309416264037,14.270343752662079,0.011818572427994584,-0.06324452173464579,100.25581779487467,1057.0135,2114.0283,3616185976158003026923678784015,2083.254591914983,76420,39994190158451957352799751356132262,82325496024562138476652693996179493860,44479807456719106540000,1697931725,326658808360159,38303360924469670936230545,1.0358695134871228,1.0400132903058557,-0.09917927603642095,0.9878989593151245
4,28,0.0732742995317409,14.28111154813361,0.015879311206086308,-0.057394988325654595,114.53692934300828,1057.0219,2114.0354,3627132884016934636635126823754,2095.8865274001437,76481,39994190158451957352799751356132262,82466970281070974921628816102279380685,44099929993436567540000,1697931733,326658808971702,38303360985895563482432065,1.0268856177899546,-0.7777496831506285,-0.031349367363037235,0.9724762524909709
4,29,0.019074244544405143,14.071964908169662,0.005884863851057512,-0.01318938069334763,128.60889425117796,1057.0334,2114.0469,3631232620479190757629872523267,2100.6271524480717,76503,39994190158451957352799751356132262,82519953934112927112348988615483726099,44264717578465825460000,1697931742,326658809660097,38303361055144813809162510,0.8537537667942942,0.7679406326105215,-0.00991310200775653,-1.038874237243768
4,30,0.028279601270062682,14.366507571239444,0.014625813344244176,-0.013653787925818506,142.9754018224174,1057.0289,2114.0647,3646348565337026117676986274458,2118.1523608229904,76586,39994190158451957352799751356132262,82715307461131609882931890149611073360,43651271131649998760000,1697931747,326658810042612,38303361093670265842838755,1.045113485935206,-1.0496832946629715,-0.003134784239812039,1.0332512095971513
4,31,0.0,13.915519156758519,0.0,0.0,156.89092097917592,1057.018,2114.026,3655731550784631265099371605128,2129.067479671641,76638,39994190158451957352799751356132262,82836570095944974064579295448458393410,43486483546620740840000,1697931753,326658810502128,38303361140472652435803674,0.959655047288469,-0.7889397299983978,-0.000991305378736241,-0.8587115322484442
4,32,0.0,14.419468057007078,0.0,0.0,171.31038903618298,1057.0264,2114.051,3662160439430361454819428788244,2136.5623259732956,76673,39994190158451957352799751356132262,82919654949956118181594334105597680138,43767721168234732860000,1697931761,326658811115232,38303361202972206747914604,0.9411974026714652,0.9873828580880406,-0.0003134782714959503,-0.9304091327561573
4,33,0.0,14.456486764046943,0.0,0.0,185.7668758002299,1057.0214,2114.0486,3672517677799468625861663138319,2148.664568827281,76729,39994190158451957352799751356132262,83053508510855391029180629544707204978,43634238952330199410000,1697931767,326658811575270,38303361249620607601999501,1.0251616290869339,-0.8189635012663148,-9.913053305162021e-05,0.997358848108189
4,34,0.0,14.491045082404634,0.0,0.0,200.25792088263455,1057.0308,2114.0427,3685382464530537802576074334361,2163.744428945838,76799,39994190158451957352799751356132262,83219768806582442767710575778568136316,43353001330716207390000,1697931774,326658812112373,38303361304260818821680621,1.020749860856914,-1.0424237219518164,-3.134782699710988e-05,0.9724942160909907
4,35,0.0,14.525509759853163,0.0,0.0,214.7834306424877,1057.0206,2114.0295,3690751260009392135347500427671,2170.0532247979886,76828,39994190158451957352799751356132262,83289153363254234198411169573929855148,42778049106580945290000,1697931780,326658812573167,38303361351460958488789021,0.874481454377694,-1.0417245378212614,-9.913053300340016e-06,-1.0444401394755394
4,36,0.0,14.559892786669955,0.0,0.0,229.34332342915766,1057.0137,2114.0266,3697527275468751999096834848268,2178.0287351027255,76865,39994190158451957352799751356132262,83376724370661880232208729917865296728,43172622672634663790000,1697931788,326658813187791,38303361414952375512010982,0.9963401702160898,0.9124075322291932,-3.134782699558503e-06,0.30128787762831116
4,37,0.0,14.594194794474772,0.0,0.0,243.93751822363242,1057.0687,2114.1191,3682363204890529556516808385931,2160.200574142255,76783,40084539067646452114344706057358378,83376724370661880232208729917865296728,42708371577582099290000,1697931794,326658813648981,38303361462329463875902591,-1.0386477918319026,-1.0141648465677569,1.0540925533889594,-1.0474030754320276
4,38,0.0,14.628416353671387,0.0,0.0,258.56593457730384,1057.0134,2114.0151,3675511043920003257529148188814,2152.168628687314,76746,40125609410431691143168711677903749,83376724370661880232208729917865296728,43104731759763418590000,1697931802,326658814263245,38303361525923575524500245,-0.9199850534120279,0.9784181279749458,-0.8595110683603455,-0.31598568405886635
4,39,0.0,14.662558027746687,0.0,0.0,273.2284926050505,1057.0109,2114.0176,3692717364308737688652881925475,2172.3658636587734,76839,40125609410431691143168711677903749,83599093227294114099329804221624753129,43993521155956385590000,1697931810,326658814877213,38303361588759128760776400,1.036813712258094,1.0452647899326588,-0.9961199240668289,1.053195455073007
4,40,0.0,14.6966203736377,0.0,0.0,287.9251129786882,1057.0055,2114.0107,3679520597327132452480781721792,2156.8667192105977,76767,40204400184378188136292817247313330,83599093227294114099329804221624753129,44052819471719621190000,1697931818,326658815491925,38303361650616938137564740,-0.9593595999098115,0.48246503368526666,1.0329926390877535,-0.9948703320875217
4,41,0.0,14.730603941838888,0.0,0.0,302.6557169205271,1057.0219,2114.027,3696808734518788378421105986885,2177.182304147016,76861,40204400184378188136292817247313330,83822519457525578951885532291268019920,44395048221985022530000,1697931826,326658816106061,38303361712293186984831186,1.0229012460096436,1.011490843722638,-0.9992325732624955,1.001054721634597
4,42,0.0,14.764509276506024,0.0,0.0,317.4202261970331,1057.0059,2114.0115,3678906694666212540642052250286,2156.147062546556,76764,40311183128294377106371965485730299,83822519457525578951885532291268019920,44548447026283007930000,1697931833,326658816644088,38303361765894505076151219,-1.0031306180690531,0.8947857548145096,1.0252410579478484,-0.999948651873072
4,43,0.0,14.798336915557933,0.0,0.0,332.218563112591,1057.0111,2114.016,3695544461661585796281641342291,2175.6934081738796,76854,40311183128294377106371965485730299,84037540516072007185447089393298981332,44045647139672748930000,1697931840,326658817181436,38303361819451052977571954,0.9915628257244671,-1.0430922880303597,-0.9996120081644592,0.995630408235634
4,44,0.0,14.83208739077613,0.0,0.0,347.05065050336714,1057.0066,2114.0117,3699688841677294338208389004302,2180.5760209473956,76877,40311183128294377106371965485730299,84091101127796172141850780235792310378,44221395891551937280000,1697931848,326658817796268,38303361881195046965952300,0.7866588281749991,0.6701451932212614,-0.30278344532028556,-0.9579555660320426
4,45,0.0,14.865761227902414,0.0,0.0,361.91641173126953,1057.0272,2114.0652,3711787057892841687752961251452,2194.860581193382,76942,40311183128294377106371965485730299,84247454516920683936341353914743334093,43336230583537209780000,1697931855,326658818334407,38303361935217019059855132,1.0358734282050888,-1.0513245806186235,-0.09535594950945257,0.9206111724706557
4,46,0.0,14.899358946734507,0.0,0.0,376.815770678004,1057.0192,2114.0288,3719792736230517832186077260877,2204.338655610613,76985,40311183128294377106371965485730299,84350917285153225616327546793258212031,42941657017483491280000,1697931861,326658818796059,38303361982402039339885049,0.9653978258908357,-0.9141532561588817,-0.03014186814112505,-0.8519743616367743
4,47,0.0,14.932881061219705,0.0,0.0,391.7486517392237,1057.0198,2114.039,3734242343204653303387859459439,2221.497510414903,77063,40311183128294377106371965485730299,84537659279317614884187764284251978496,42545296835302171980000,1697931867,326658819257969,38303362029947810587006805,1.0321005059895778,-0.9803109420328748,-0.00953130595637445,1.0298166005435616
4,48,0.0,14.96632807954668,0.0,0.0,406.71497981877036,1057.021,2114.0303,3719073592296250608564276875289,2203.486412676931,76981,40399788014768131225089901002163960,84537659279317614884187764284251978496,42638586194317795640000,1697931875,326658819874473,38303362093897768016934171,-0.9904230007932027,0.3240597018314703,1.0540848566728533,-1.0435145838273758
4,49,0.0,14.999700504235427,0.0,0.0,421.7146803230058,1057.021,2114.0256,3730989703647246009256705020340,2217.6292109855776,77045,40399788014768131225089901002163960,84691659204737934712734847723756287352,42160509761414020940000,1697931882,326658820413340,38303362149852605917591983,0.9666201595743787,-1.0482028501823206,-0.9944908450634707,0.9719463110754167
4,50,0.0,15.032998832225402,0.0,0.0,436.7476791552312,1057.0068,2114.0122,3713097716219341557825311132003,2196.410896524044,76949,40504559543406973226877955338395825,84691659204737934712734847723756287352,41271720365221053940000,1697931888,326658820875610,38303362198453114255549219,-1.0302640375754757,-1.0407321072056777,1.0160671527313059,-1.0002457206141633
4,51,0.0,15.066223554961928,0.0,0.0,451.81390271019313,1057.0142,2114.0159,3731809653258579168737281842408,2218.604042952639,77050,40504559543406973226877955338395825,84933486158484183281368672308124260213,41212422049457818340000,1697931894,326658821337304,38303362247922682847754797,1.0039879448759783,-0.4788994024660269,-0.9998162718140303,1.0325393271254415
4,52,0.0,15.099375158480857,0.0,0.0,466.913277868674,1057.0101,2114.0178,3725520602092822208945175308875,2211.1325165200724,77016,40541255972046093752684222542578630,84933486158484183281368672308124260213,41464695238917164570000,1697931902,326658821953704,38303362313876543645050461,-0.6649745517145554,0.9615698691938481,0.686185828097707,-0.9992853806958801
4,53,0.0,15.132454123491591,0.0,0.0,482.0457319921656,1057.0192,2114.0288,3741559324823051375520697925204,2230.2117715012546,77102,40541255972046093752684222542578630,85140765364891242762897047214207798244,41361665856367127860000,1697931909,326658822492816,38303362371342881629749049,1.0428171104973618,-0.7322279692646109,-0.9824837431254416,0.9806607916180871
4,54,0.0,15.16546092545845,0.0,0.0,497.21119291762403,1057.0085,2114.0154,3725443898874686764437583149582,2211.041469253431,77016,40635045910443009305501951236818645,85140765364891242762897047214207798244,41578139705448036700000,1697931917,326658823109632,38303362437030370415394197,-0.9973416302007712,1.0386334998938094,1.0456237229645382,-0.9998471609357823
4,55,0.0,15.198396034680473,0.0,0.0,512.4095889523045,1057.0087,2114.0134,3704789817288463271126871735495,2186.5931394592526,76904,40756443317656824687275086380909905,85140765364891242762897047214207798244,41484850346432413040000,1697931923,326658823571728,38303362486153766229713088,-1.0292414666733125,-0.7742067416666568,0.8286083525236335,-0.3028487943948369
5,1,0.0,15.231259916369625,0.0,0.0,15.231259916369625,1057.0797,2114.1067,3684710460473020714546390201371,2162.955413161378,76796,40875767366410197066801831532578153,85140765364891242762897047214207798244,41144398187169174580000,1697931929,326658824033152,38303362535369183049969523,-1.0469010460427364,-1.053628715811043,0.9952646199531513,-0.030148315061325186
5,2,0.0,15.26405303072754,0.0,0.0,30.495312947097165,1057.0392,2114.0317,3701273577185481220776967342486,2182.444489618822,76885,40875767366410197066801831532578153,85354821667598912501978419415312590480,40528698308498662280000,1697931936,326658824570724,38303362593387920513627303,0.9630328177943192,-1.0398452926763344,-1.0004657417883953,1.054042457075319
5,3,0.0,15.29677583302073,0.0,0.0,45.79208878011789,1057.0066,2114.0117,3707703036312553289460990552269,2190.0332964150184,76920,40875767366410197066801831532578153,85437913894324318449523101357411081651,40686837984096787520000,1697931944,326658825185804,38303362660491327780235520,0.8892482820267027,0.4303342568744611,-0.30302068015263395,-0.8967533087061084
5,4,0.0,15.329428773654394,0.0,0.0,61.121517553772286,1057.0344,2114.0818,3717974555619200909760468062507,2202.1842848752635,76975,40875767366410197066801831532578153,85570659650098493347970815082297578910,40344609233831386180000,1697931950,326658825647324,38303362710672032467182812,1.0185518085670255,-1.030170974943318,-0.09543005003411702,0.7260936781562927
5,5,0.0,15.362012298244776,0.0,0.0,76.48352985201706,1057.0251,2114.0388,3725359151211980342374598618685,2210.940875353507,77015,40875767366410197066801831532578153,85666095748087982004405085658112040784,40538712105666739880000,1697931958,326658826263124,38303362778066422547852634,0.9699966156237461,0.8757658999658686,-0.030165272027493445,-0.9308833772291067
5,6,0.0,15.394526847690168,0.0,0.0,91.87805669970723,1057.0234,2114.0547,3734850673242891886250375325376,2222.2213593872225,77066,40875767366410197066801831532578153,85788761074202411037551260812788483320,40113462872545405220000,1697931965,326658826802229,38303362836913480885654662,1.0146594830828828,-1.0424928686425992,-0.00953870600672348,0.9423092525740718
5,7,0.0,15.426972858240552,0.0,0.0,107.30502955794778,1057.0211,2114.0312,3742573910802716761505867128608,2231.4214534485786,77107,40875767366410197066801831532578153,85888573670206483302479632629827678309,40237078330920092070000,1697931973,326658827418757,38303362904699269417982894,0.9830280900802135,0.5632147329128421,-0.0030163913408767975,-0.9743145537487972
5,8,0.0,15.459350761565924,0.0,0.0,122.7643803195137,1057.0347,2114.0786,3749967547887055109298003412049,2240.2467257988123,77147,40875767366410197066801831532578153,85984126617475468250023561736039564858,40078938655321966830000,1697931979,326658827881399,38303362955474249614575663,0.9923022474782223,-1.002011658749997,-0.0009538663046092079,-0.7054572892284292
5,9,0.0,15.49166098482337,0.0,0.0,138.2560413043371,1057.0201,2114.0398,3767127673368025814764783944188,2260.796702951794,77238,40875767366410197066801831532578153,86205898466229807619077119496085644313,39826665465862620600000,1697931986,326658828421428,38303363014960156470029758,1.0418239869228239,-1.0362168756214702,-0.00030163899823507746,1.0537960015313692
5,10,0.0,15.523903950722811,0.0,0.0,153.77994525505989,1057.0178,2114.0264,3785004469613630891282940315298,2282.3047066820627,77333,40875767366410197066801831532578153,86436932333528090630244832570721561703,39499305573738924900000,1697931992,326658828884856,38303363066295470352877189,1.0120505342785178,-1.0243311086994227,-9.538662616488693e-05,0.5074819886527234
5,11,0.0,15.556080077591595,0.0,0.0,169.33602533265147,1057.0334,2114.0522,3765485323918846535972578299608,2258.8258598257016,77229,40986868521684085920148724244351397,86436932333528090630244832570721561703,39305202701903571200000,1697931999,326658829426187,38303363126642278162744881,-0.9888730193394885,-0.9420371953938017,1.0540925527748415,-1.0520313335691904
5,12,0.0,15.588189779437831,0.0,0.0,184.9242151120893,1057.0149,2114.0168,3756783935980707061612761905754,2248.3984068761124,77183,41036768054450125005457325301808346,86436932333528090630244832570721561703,39129453950024382850000,1697932005,326658829889561,38303363178625792531553990,-0.9167239179778046,-0.9757416541686201,-0.8629856834247617,-0.31725572960965637
5,13,0.0,15.6202334660126,0.0,0.0,200.5444485781019,1057.0315,2114.035,3739988125984247090986310169292,2228.3390921720506,77093,41133743020581077094433270502602061,86436932333528090630244832570721561703,38912980100943474010000,1697932012,326658830429842,38303363239548430770391435,-1.0307720738975286,-1.0131343898289633,0.9576533198590519,-0.09987373196659036
5,14,0.0,15.652211542870974,0.0,0.0,216.1966601209729,1057.0428,2114.0354,3756542800877732419913777033141,2248.1097821424773,77182,41133743020581077094433270502602061,86650879536928587434259189457002086310,38759581296645488610000,1697932018,326658830892400,38303363292051244274571918,0.9818059261691167,-0.9650971620497024,-1.0412030805739125,1.0534200215294476
5,15,0.0,15.684124411431952,0.0,0.0,231.88078453240485,1057.0066,2114.012,3736263823192132266434803876289,2223.9033147730793,77074,41250953193384654778063978128648617,86650879536928587434259189457002086310,38803540006529205460000,1697932027,326658831587038,38303363371035194309377513,-1.0184549951151736,0.4159004909408095,1.0163197829386785,-0.9945504888834278
5,16,0.0,15.715972469037263,0.0,0.0,247.5967570014421,1057.0198,2114.025,3755358293850916581029488451824,2246.692264949584,77176,41250953193384654778063978128648617,86897650230049681334868614451995095293,38679924548154518610000,1697932033,326658832049482,38303363423651378327178180,0.9925622748386017,-1.038502516527881,-1.0002034538784752,1.0140753337509603
5,17,0.0,15.747756109009138,0.0,0.0,263.34451311045126,1057.0065,2114.012,3769979118401806551711897669273,2264.220519648808,77253,41250953193384654778063978128648617,87086604984171927007218608609583262273,38635965838270801760000,1697932040,326658832589714,38303363485243115078840076,0.9941901510205556,-0.8664817297494817,-0.302947801132469,-0.4474879103148017
5,18,0.0,15.77947572070701,0.0,0.0,279.1239888311583,1057.0255,2114.054,3762277314048818767746215989612,2254.9786803693464,77212,41295003390766292348720997567784720,87086604984171927007218608609583262273,38835855307636568760000,1697932048,326658833207738,38303363555611643120676994,-0.7829387899050649,1.0476583521887148,1.0170369295014539,-1.0445173853994463
5,19,0.0,15.811131689583174,0.0,0.0,294.93512052074146,1057.0105,2114.0164,3775984670345942104929305157858,2271.4400421947644,77285,41295003390766292348720997567784720,87263754373371819862029974260963213068,38963652728343293890000,1697932056,326658833825434,38303363625650701619224979,1.0341958187891143,0.9719006849169819,-0.993537980768822,0.9823925395815987
5,20,0.0,15.842724397237486,0.0,0.0,310.77784491797894,1057.0061,2114.0122,3755531293639479126226146022812,2246.899268494425,77176,41412009499064767409773593563807209,87263754373371819862029974260963213068,39650787935592927190000,1697932064,326658834443714,38303363695214635721116375,-1.0293032803150521,1.0513751750608766,1.0468307307904592,-1.0003872345443179
5,21,0.0,15.87425422147106,0.0,0.0,326.65209913945,1057.0079,2114.0127,3746204786102827439728779438660,2235.7532012431543,77127,41465787081059254506545317365342310,87263754373371819862029974260963213068,39965113863308133690000,1697932072,326658835061122,38303363763735500752048565,-0.9223256039007457,0.9123335037256732,-0.8663299964960801,-0.30299886671580517
5,22,0.0,15.905721536338996,0.0,0.0,342.557820675789,1057.0121,2114.0195,3755781976522305949581975425751,2247.199240956838,77178,41465787081059254506545317365342310,87387526849718534168539150737190083014,39765224393942366690000,1697932078,326658835523884,38303363814822411413902199,0.9499414192564799,-0.7951669433977043,-0.9983506283665133,1.043136640094278
5,23,0.0,15.937126712202177,0.0,0.0,358.4949473879912,1057.0088,2114.0154,3750300139415909024395077964074,2240.64412663794,77149,41497359281540122349328274845733150,87387526849718534168539150737190083014,39637426973235641560000,1697932085,326658836064130,38303363874750998003929336,-0.8881275383805156,-0.9539215510919553,0.8364579039025349,-0.9949392252919937
5,24,0.0,15.968470115778182,0.0,0.0,374.4634175037694,1057.0225,2114.0244,3743953026589350592746927272299,2233.066286991456,77115,41534030465038575053365437306240157,87387526849718534168539150737190083014,39734122704675048710000,1697932093,326658836681322,38303363943388216457296040,-1.0211844944837183,0.8994251507001929,0.6320712375194067,-0.3014840881548212
5,25,0.0,15.999752110191226,0.0,0.0,390.46316961396064,1057.0311,2114.039,3730422337591500736133668937562,2216.954799115484,77042,41612622157769808080358339682741613,87387526849718534168539150737190083014,40136582040227947910000,1697932101,326658837298242,38303364011728337273040595,-1.0413615882548717,1.0511973871989007,1.049396163275046,-0.09495006881287428
5,26,0.0,16.030973055021317,0.0,0.0,406.49414266898197,1057.018,2114.0232,3721735205158614688951519917641,2206.641459900406,76996,41663381746400431536891288700235631,87387526849718534168539150737190083014,40622901792683362260000,1697932109,326658837914578,38303364079350226625161436,-0.9608034584786709,1.0233544746236996,-0.9136263722948155,-0.03001367411924768
5,27,0.0,16.062133306352465,0.0,0.0,422.5562759753344,1057.01,2114.0159,3715660546549436339307549296961,2199.443927976033,76963,41699017463242263729501684707390211,87387526849718534168539150737190083014,40220442457130463060000,1697932116,326658838453550,38303364138070343689835177,-0.9443269907148443,-0.9461141184178934,-0.9458857705255636,-0.009490772397722143
5,28,0.0,16.09323321682011,0.0,0.0,438.64950919215454,1057.0361,2114.0369,3709809465481279485511948825419,2192.5224172468647,76931,41733451949226067392511024719811158,87387526849718534168539150737190083014,40539307729610534460000,1697932124,326658839069254,38303364205620716865160222,-0.9847105828876025,0.9669491572334813,-0.45518642089515016,-0.003001233588037719
5,29,0.0,16.1242731356577,0.0,0.0,454.7737823278122,1057.0216,2114.0293,3714461990343253414226438553411,2198.025212802263,76956,41733451949226067392511024719811158,87447654559225068585295889307843068415,40220442457130463060000,1697932131,326658839607771,38303364264444471890564127,0.921330709599256,-0.9989215664016202,-1.0520602005294932,1.0540903154517436
5,30,0.0,16.155253408742453,0.0,0.0,470.9290357365547,1057.0068,2114.0122,3720811587136917092207148111503,2205.5463573141374,76991,41733451949226067392511024719811158,87529714671275937061576073149731908381,40349027157813669500000,1697932139,326658840223419,38303364332074013944285503,1.030770102728614,0.7551809030808805,-0.3172636462667351,0.8714925060960316
5,31,0.0,16.186174378640384,0.0,0.0,487.11521011519505,1057.0299,2114.0515,3740237831511357631938987988845,2228.63665844457,77095,41733451949226067392511024719811158,87780773099377219197326082222835645914,39661891950564036200000,1697932145,326658840685365,38303364382674842398962448,1.0479750242334127,-1.051881009019746,-0.09987620179680948,1.052058213771405
5,32,0.0,16.217036384650473,0.0,0.0,503.33224649984555,1057.016,2114.0251,3758346232920413245827034196236,2250.268834560625,77191,41733451949226067392511024719811158,88014800156051444412656959260605450737,39347566022848829700000,1697932152,326658841225030,38303364442800438498012125,1.0050074080428781,-0.9190356222707783,-0.03156946024693232,0.0028644150990194996
